model,function,screen_mode,seed,samples,test_samples,dimension,noise,top_m,selected_screen_features,screen_score_type,screen_scores,true_variables,true_interactions,num_true_variables,num_true_interactions,formula,grid,k,width_hidden,lamb,steps,opt,update_grid,grid_update_num,effective_dim,screen_contains_all_true_vars,screen_true_var_recall,screen_contains_all_interaction_endpoints,screen_interaction_endpoint_recall,screen_contains_true_interactions,status,error,traceback,train_mse,test_mse,variable_method,interaction_method,importance_scores,selected_variables,variable_precision,variable_recall,variable_f1,variable_auroc,variable_auprc,selected_interactions,interaction_precision,interaction_recall,interaction_f1,true_interaction_score_mean,max_nontrue_interaction_score,screen_endpoint_recall,screen_contains_all_endpoints,explain_interaction_endpoint_recall,explain_contains_all_interaction_endpoints,selected_interaction_endpoint_recall,selected_interaction_contains_all_endpoints,true_interaction_mean_score_margin,true_interaction_beats_all_false,true_interaction_rank_bucket,true_interaction_rank_lower_bound,failure_stage
KAN_tuned_fixed,core_interaction_c01,raw,0,512,4096,50,0.0,4,"[0, 1, 2, 3, 4, 5, 6, 7, 8, 9, 10, 11, 12, 13, 14, 15, 16, 17, 18, 19, 20, 21, 22, 23, 24, 25, 26, 27, 28, 29, 30, 31, 32, 33, 34, 35, 36, 37, 38, 39, 40, 41, 42, 43, 44, 45, 46, 47, 48, 49]",none,"[0.0, 0.0, 0.0, 0.0, 0.0, 0.0, 0.0, 0.0, 0.0, 0.0, 0.0, 0.0, 0.0, 0.0, 0.0, 0.0, 0.0, 0.0, 0.0, 0.0, 0.0, 0.0, 0.0, 0.0, 0.0, 0.0, 0.0, 0.0, 0.0, 0.0, 0.0, 0.0, 0.0, 0.0, 0.0, 0.0, 0.0, 0.0, 0.0, 0.0, 0.0, 0.0, 0.0, 0.0, 0.0, 0.0, 0.0, 0.0, 0.0, 0.0]","[0, 1, 2, 3]","[(2, 3)]",4,1,sin(2*pi*x0) + x1^2 + 0.1*x2*x3,5,3,8,0.001,50,LBFGS,0,10,50,1,1.0,1,1.0,1,ok,,,0.0011829368304461,0.0031386839691549,grad,fd,"[5.480382919311523, 1.329559326171875, 0.011696835048496723, 0.010572453960776329, 0.00410819984972477, 0.0001171758194686845, 0.024564377963542938, 0.0213650893419981, 0.021633492782711983, 0.011494731530547142, 0.004669788759201765, 0.002049490110948682, 0.0031362012960016727, 0.0357702374458313, 0.012703719548881054, 0.00876123271882534, 0.0010954480385407805, 0.019554950296878815, 0.009478540159761906, 0.011326510459184647, 0.003491075709462166, 0.030471041798591614, 0.008932605385780334, 0.022612472996115685, 0.011731377802789211, 0.005341385956853628, 0.020001981407403946, 0.002026802394539118, 0.01883692666888237, 0.014973064884543419, 0.009189125150442123, 0.004453939385712147, 0.002538316883146763, 0.01568232849240303, 0.005654447712004185, 0.013711925595998764, 0.02622123435139656, 0.03069087117910385, 0.012487711384892464, 0.014712306670844555, 0.01416161097586155, 0.030969200655817986, 0.015209026634693146, 9.183258225675672e-05, 0.005139565095305443, 0.0069077410735189915, 0.008138596080243587, 0.0041357241570949554, 0.03497334197163582, 0.01873263344168663]","[0, 1, 13, 48]",0.5,0.5,0.5,0.7391304347826086,0.5633289124668435,"[(0, 1)]",0.0,0.0,0.0,0.0009135692380368,0.5267135500907898,1.0,1.0,0.0,0.0,0.0,0.0,-0.525799980852753,0.0,>1,2.0,variable_ranking_misses_endpoint
KAN_tuned_fixed,core_interaction_c01,raw,1,512,4096,50,0.0,4,"[0, 1, 2, 3, 4, 5, 6, 7, 8, 9, 10, 11, 12, 13, 14, 15, 16, 17, 18, 19, 20, 21, 22, 23, 24, 25, 26, 27, 28, 29, 30, 31, 32, 33, 34, 35, 36, 37, 38, 39, 40, 41, 42, 43, 44, 45, 46, 47, 48, 49]",none,"[0.0, 0.0, 0.0, 0.0, 0.0, 0.0, 0.0, 0.0, 0.0, 0.0, 0.0, 0.0, 0.0, 0.0, 0.0, 0.0, 0.0, 0.0, 0.0, 0.0, 0.0, 0.0, 0.0, 0.0, 0.0, 0.0, 0.0, 0.0, 0.0, 0.0, 0.0, 0.0, 0.0, 0.0, 0.0, 0.0, 0.0, 0.0, 0.0, 0.0, 0.0, 0.0, 0.0, 0.0, 0.0, 0.0, 0.0, 0.0, 0.0, 0.0]","[0, 1, 2, 3]","[(2, 3)]",4,1,sin(2*pi*x0) + x1^2 + 0.1*x2*x3,5,3,8,0.001,50,LBFGS,0,10,50,1,1.0,1,1.0,1,ok,,,0.0011897890362888,0.0039985631592571,grad,fd,"[5.529053688049316, 1.2977001667022705, 0.01313905417919159, 0.010151785798370838, 0.009817108511924744, 0.005065540783107281, 0.0418679416179657, 7.641410047654063e-05, 0.011916007846593857, 0.017019661143422127, 0.015377550385892391, 0.013317539356648922, 0.021656421944499016, 0.008259493857622147, 0.017228392884135246, 0.0253617987036705, 0.02071874588727951, 0.011285236105322838, 0.018839679658412933, 0.00810602679848671, 0.038440629839897156, 0.025546126067638397, 0.007288362830877304, 0.014905150048434734, 0.018239717930555344, 0.020551618188619614, 0.01909547671675682, 0.02420802041888237, 0.005675210617482662, 0.00705307349562645, 0.015392545610666275, 0.0069021182134747505, 0.03474988043308258, 0.02464941516518593, 0.05985543876886368, 0.03471123427152634, 0.004438357427716255, 0.015919826924800873, 0.02871016040444374, 0.04753066226840019, 0.011587877757847309, 0.003327828599140048, 0.009374052286148071, 0.019508782774209976, 0.03270179033279419, 0.0147735346108675, 0.007549574598670006, 0.008855187334120274, 0.018028924241662025, 0.011372921988368034]","[0, 1, 34, 39]",0.5,0.5,0.5,0.6739130434782609,0.5519713261648745,"[(0, 1)]",0.0,0.0,0.0,0.0013865064829587,0.4301464557647705,1.0,1.0,0.0,0.0,0.0,0.0,-0.4287599492818118,0.0,>1,2.0,variable_ranking_misses_endpoint
KAN_tuned_fixed,core_interaction_c01,raw,2,512,4096,50,0.0,4,"[0, 1, 2, 3, 4, 5, 6, 7, 8, 9, 10, 11, 12, 13, 14, 15, 16, 17, 18, 19, 20, 21, 22, 23, 24, 25, 26, 27, 28, 29, 30, 31, 32, 33, 34, 35, 36, 37, 38, 39, 40, 41, 42, 43, 44, 45, 46, 47, 48, 49]",none,"[0.0, 0.0, 0.0, 0.0, 0.0, 0.0, 0.0, 0.0, 0.0, 0.0, 0.0, 0.0, 0.0, 0.0, 0.0, 0.0, 0.0, 0.0, 0.0, 0.0, 0.0, 0.0, 0.0, 0.0, 0.0, 0.0, 0.0, 0.0, 0.0, 0.0, 0.0, 0.0, 0.0, 0.0, 0.0, 0.0, 0.0, 0.0, 0.0, 0.0, 0.0, 0.0, 0.0, 0.0, 0.0, 0.0, 0.0, 0.0, 0.0, 0.0]","[0, 1, 2, 3]","[(2, 3)]",4,1,sin(2*pi*x0) + x1^2 + 0.1*x2*x3,5,3,8,0.001,50,LBFGS,0,10,50,1,1.0,1,1.0,1,ok,,,0.0009757237276062,0.0030629911925643,grad,fd,"[5.245388984680176, 1.2818735837936401, 0.008958486840128899, 0.010787241160869598, 0.01827380061149597, 0.01242084614932537, 0.0245484821498394, 0.002235193271189928, 0.00400030892342329, 0.01608153060078621, 0.005091001279652119, 0.008266286924481392, 0.007735286373645067, 0.012979071587324142, 0.0019779799040406942, 0.008229504339396954, 0.01712462306022644, 0.01857895217835903, 0.009345704689621925, 0.009830422699451447, 0.010226123034954071, 0.004780962131917477, 0.025120439007878304, 0.019714832305908203, 0.017366629093885422, 0.013359930366277695, 0.028024688363075256, 0.010564669966697693, 0.01847255788743496, 0.009229212999343872, 0.006787909660488367, 0.01578710973262787, 0.02025766298174858, 0.010239667259156704, 0.0010346568888053298, 0.01517166942358017, 0.029595661908388138, 0.030140262097120285, 0.0019656899385154247, 0.014209865592420101, 0.01780770719051361, 0.02270842343568802, 0.010076774284243584, 0.026002001017332077, 0.01165007147938013, 0.03241777420043945, 0.017453063279390335, 0.00051092793000862, 0.006972027011215687, 0.011418143287301064]","[0, 1, 37, 45]",0.5,0.5,0.5,0.6793478260869565,0.5528890959925443,"[(0, 1)]",0.0,0.0,0.0,0.0027473834343254,0.3048067390918731,1.0,1.0,0.0,0.0,0.0,0.0,-0.3020593556575477,0.0,>1,2.0,variable_ranking_misses_endpoint
KAN_tuned_fixed,core_interaction_c01,raw,3,512,4096,50,0.0,4,"[0, 1, 2, 3, 4, 5, 6, 7, 8, 9, 10, 11, 12, 13, 14, 15, 16, 17, 18, 19, 20, 21, 22, 23, 24, 25, 26, 27, 28, 29, 30, 31, 32, 33, 34, 35, 36, 37, 38, 39, 40, 41, 42, 43, 44, 45, 46, 47, 48, 49]",none,"[0.0, 0.0, 0.0, 0.0, 0.0, 0.0, 0.0, 0.0, 0.0, 0.0, 0.0, 0.0, 0.0, 0.0, 0.0, 0.0, 0.0, 0.0, 0.0, 0.0, 0.0, 0.0, 0.0, 0.0, 0.0, 0.0, 0.0, 0.0, 0.0, 0.0, 0.0, 0.0, 0.0, 0.0, 0.0, 0.0, 0.0, 0.0, 0.0, 0.0, 0.0, 0.0, 0.0, 0.0, 0.0, 0.0, 0.0, 0.0, 0.0, 0.0]","[0, 1, 2, 3]","[(2, 3)]",4,1,sin(2*pi*x0) + x1^2 + 0.1*x2*x3,5,3,8,0.001,50,LBFGS,0,10,50,1,1.0,1,1.0,1,ok,,,0.0003082473995164,0.0004532021121121,grad,fd,"[5.208496570587158, 1.2279977798461914, 0.044352419674396515, 0.04539906233549118, 0.009166546165943146, 0.00092059321468696, 0.0022303718142211437, 9.840304119279608e-05, 0.0036747376434504986, 0.004464741330593824, 0.00038577834493480623, 0.0005800854414701462, 0.00510694645345211, 0.0034662256948649883, 0.0022136715706437826, 0.0016250313492491841, 0.006162950769066811, 0.0031163054518401623, 0.003700604196637869, 0.0014387842966243625, 0.0038531769532710314, 0.0014970381744205952, 0.00028411095263436437, 0.0018419059924781322, 0.0012362368870526552, 0.0007158532971516252, 0.004405168816447258, 0.003801824524998665, 0.014461429789662361, 0.0031369272619485855, 0.0006769350729882717, 0.0003477666468825191, 0.0007822918705642223, 0.0006931424140930176, 0.0002286874660057947, 0.000709504063706845, 0.0012598721077665687, 0.0017528912285342813, 0.004074924159795046, 0.003539550118148327, 0.0003133924910798669, 0.0005582651938311756, 0.002539592795073986, 9.2733433120884e-05, 0.0005858620861545205, 0.001596883055754006, 0.0027897374238818884, 0.0014072151388972998, 0.006944602355360985, 0.0008412654860876501]","[0, 1, 2, 3]",1.0,1.0,1.0,1.0,1.0,"[(0, 1)]",0.0,0.0,0.0,0.0751882940530777,0.098827876150608,1.0,1.0,1.0,1.0,0.0,0.0,-0.023639582097530296,0.0,>1,2.0,interaction_ranking_misses_pair
KAN_tuned_fixed,core_interaction_c01,raw,4,512,4096,50,0.0,4,"[0, 1, 2, 3, 4, 5, 6, 7, 8, 9, 10, 11, 12, 13, 14, 15, 16, 17, 18, 19, 20, 21, 22, 23, 24, 25, 26, 27, 28, 29, 30, 31, 32, 33, 34, 35, 36, 37, 38, 39, 40, 41, 42, 43, 44, 45, 46, 47, 48, 49]",none,"[0.0, 0.0, 0.0, 0.0, 0.0, 0.0, 0.0, 0.0, 0.0, 0.0, 0.0, 0.0, 0.0, 0.0, 0.0, 0.0, 0.0, 0.0, 0.0, 0.0, 0.0, 0.0, 0.0, 0.0, 0.0, 0.0, 0.0, 0.0, 0.0, 0.0, 0.0, 0.0, 0.0, 0.0, 0.0, 0.0, 0.0, 0.0, 0.0, 0.0, 0.0, 0.0, 0.0, 0.0, 0.0, 0.0, 0.0, 0.0, 0.0, 0.0]","[0, 1, 2, 3]","[(2, 3)]",4,1,sin(2*pi*x0) + x1^2 + 0.1*x2*x3,5,3,8,0.001,50,LBFGS,0,10,50,1,1.0,1,1.0,1,ok,,,0.0013653308851644,0.0055918581783771,grad,fd,"[5.262430667877197, 1.348407506942749, 0.02468806505203247, 0.0042672487907111645, 0.009307671338319778, 0.007865551859140396, 0.018518993631005287, 0.037825651466846466, 0.02592766098678112, 0.02825750783085823, 0.010598326101899147, 0.012589441612362862, 0.030100109055638313, 0.009507277980446815, 0.05143345892429352, 0.03929692506790161, 0.017928307875990868, 0.03997679054737091, 0.02459210529923439, 0.027797270566225052, 0.03782033175230026, 0.02089834213256836, 0.025448815897107124, 0.03715428709983826, 0.024976229295134544, 0.021564410999417305, 0.020649321377277374, 0.04505548253655434, 0.03016645833849907, 0.007962317205965519, 0.031072000041604042, 0.042873281985521317, 0.002097464632242918, 0.04333469644188881, 0.04687312990427017, 0.0362367108464241, 0.012551773339509964, 0.029020242393016815, 0.029062893241643906, 0.0017726023215800524, 0.05573231726884842, 0.036555033177137375, 0.002444775542244315, 0.02143758162856102, 0.020068276673555374, 0.022108692675828934, 0.00552941020578146, 0.018604297190904617, 0.009563339874148369, 0.02832692302763462]","[0, 1, 14, 40]",0.5,0.5,0.5,0.6358695652173912,0.5490543735224587,"[(0, 1)]",0.0,0.0,0.0,0.0009685754776,0.3000519871711731,1.0,1.0,0.0,0.0,0.0,0.0,-0.2990834116935731,0.0,>1,2.0,variable_ranking_misses_endpoint
KAN_tuned_fixed,core_interaction_c01,raw,5,512,4096,50,0.0,4,"[0, 1, 2, 3, 4, 5, 6, 7, 8, 9, 10, 11, 12, 13, 14, 15, 16, 17, 18, 19, 20, 21, 22, 23, 24, 25, 26, 27, 28, 29, 30, 31, 32, 33, 34, 35, 36, 37, 38, 39, 40, 41, 42, 43, 44, 45, 46, 47, 48, 49]",none,"[0.0, 0.0, 0.0, 0.0, 0.0, 0.0, 0.0, 0.0, 0.0, 0.0, 0.0, 0.0, 0.0, 0.0, 0.0, 0.0, 0.0, 0.0, 0.0, 0.0, 0.0, 0.0, 0.0, 0.0, 0.0, 0.0, 0.0, 0.0, 0.0, 0.0, 0.0, 0.0, 0.0, 0.0, 0.0, 0.0, 0.0, 0.0, 0.0, 0.0, 0.0, 0.0, 0.0, 0.0, 0.0, 0.0, 0.0, 0.0, 0.0, 0.0]","[0, 1, 2, 3]","[(2, 3)]",4,1,sin(2*pi*x0) + x1^2 + 0.1*x2*x3,5,3,8,0.001,50,LBFGS,0,10,50,1,1.0,1,1.0,1,ok,,,0.0009924178011715,0.0030300114303827,grad,fd,"[5.216545104980469, 1.270202875137329, 0.003160999156534672, 0.026351388543844223, 0.016368001699447632, 0.013821685686707497, 0.02006439119577408, 0.021500160917639732, 0.019099067896604538, 0.004745757207274437, 0.020775873214006424, 0.01817183382809162, 0.01136147789657116, 0.035270996391773224, 0.03292998671531677, 0.022103890776634216, 0.009719068184494972, 0.016749422997236252, 0.029084116220474243, 0.01736794412136078, 0.0014467653818428516, 0.01224911492317915, 0.013041283935308456, 0.003270176239311695, 0.008270184509456158, 0.010019760578870773, 0.005723241250962019, 0.030187036842107773, 0.02287290059030056, 0.016958236694335938, 0.04619091749191284, 0.005365532357245684, 0.003208802780136466, 0.01644919067621231, 0.010341695509850979, 0.009763719514012337, 0.006253335624933243, 0.017590481787919998, 0.03034932166337967, 0.007067620288580656, 0.01363835297524929, 0.0035147047601640224, 0.03011719137430191, 0.012338029220700264, 0.0006968325469642878, 0.004826653748750687, 0.024019181728363037, 0.009017115458846092, 0.0009997593006119132, 0.008273725397884846]","[0, 1, 13, 30]",0.5,0.5,0.5,0.7282608695652174,0.5962765957446808,"[(0, 1)]",0.0,0.0,0.0,0.0010841176845133,0.2612587511539459,1.0,1.0,0.0,0.0,0.0,0.0,-0.26017463346943265,0.0,>1,2.0,variable_ranking_misses_endpoint
KAN_tuned_fixed,core_interaction_c01,raw,6,512,4096,50,0.0,4,"[0, 1, 2, 3, 4, 5, 6, 7, 8, 9, 10, 11, 12, 13, 14, 15, 16, 17, 18, 19, 20, 21, 22, 23, 24, 25, 26, 27, 28, 29, 30, 31, 32, 33, 34, 35, 36, 37, 38, 39, 40, 41, 42, 43, 44, 45, 46, 47, 48, 49]",none,"[0.0, 0.0, 0.0, 0.0, 0.0, 0.0, 0.0, 0.0, 0.0, 0.0, 0.0, 0.0, 0.0, 0.0, 0.0, 0.0, 0.0, 0.0, 0.0, 0.0, 0.0, 0.0, 0.0, 0.0, 0.0, 0.0, 0.0, 0.0, 0.0, 0.0, 0.0, 0.0, 0.0, 0.0, 0.0, 0.0, 0.0, 0.0, 0.0, 0.0, 0.0, 0.0, 0.0, 0.0, 0.0, 0.0, 0.0, 0.0, 0.0, 0.0]","[0, 1, 2, 3]","[(2, 3)]",4,1,sin(2*pi*x0) + x1^2 + 0.1*x2*x3,5,3,8,0.001,50,LBFGS,0,10,50,1,1.0,1,1.0,1,ok,,,0.0006742214318364,0.0036201917100697,grad,fd,"[5.2813873291015625, 1.305605173110962, 0.019411247223615646, 0.02707540988922119, 0.00911288894712925, 0.01786915585398674, 0.0367235392332077, 0.018830932676792145, 0.002977461088448763, 0.022969409823417664, 0.008242650888860226, 0.017192266881465912, 0.0145671172067523, 0.01702696830034256, 0.025608722120523453, 0.022045565769076347, 0.0020968271419405937, 0.012033803388476372, 0.014594128355383873, 0.03697919845581055, 0.032797690480947495, 0.02328847162425518, 0.009109405800700188, 0.0005132667720317841, 0.0038974671624600887, 0.012075677514076233, 0.01089329831302166, 0.0041459668427705765, 0.025156665593385696, 0.016675326973199844, 0.028453661128878593, 0.013806292787194252, 0.018558986485004425, 0.016998901963233948, 0.00043714180355891585, 0.023169800639152527, 0.028113145381212234, 0.0029206527397036552, 0.009576521813869476, 0.0373401902616024, 0.014437053352594376, 0.023145398125052452, 0.015803148970007896, 0.017013194039463997, 0.02692745253443718, 0.011663509532809258, 0.016087740659713745, 0.013070395216345787, 0.03268084302544594, 0.020847264677286148]","[0, 1, 19, 39]",0.5,0.5,0.5,0.875,0.625,"[(0, 1)]",0.0,0.0,0.0,0.0013192766346037,0.3294803202152252,1.0,1.0,0.0,0.0,0.0,0.0,-0.32816104358062154,0.0,>1,2.0,variable_ranking_misses_endpoint
KAN_tuned_fixed,core_interaction_c01,raw,7,512,4096,50,0.0,4,"[0, 1, 2, 3, 4, 5, 6, 7, 8, 9, 10, 11, 12, 13, 14, 15, 16, 17, 18, 19, 20, 21, 22, 23, 24, 25, 26, 27, 28, 29, 30, 31, 32, 33, 34, 35, 36, 37, 38, 39, 40, 41, 42, 43, 44, 45, 46, 47, 48, 49]",none,"[0.0, 0.0, 0.0, 0.0, 0.0, 0.0, 0.0, 0.0, 0.0, 0.0, 0.0, 0.0, 0.0, 0.0, 0.0, 0.0, 0.0, 0.0, 0.0, 0.0, 0.0, 0.0, 0.0, 0.0, 0.0, 0.0, 0.0, 0.0, 0.0, 0.0, 0.0, 0.0, 0.0, 0.0, 0.0, 0.0, 0.0, 0.0, 0.0, 0.0, 0.0, 0.0, 0.0, 0.0, 0.0, 0.0, 0.0, 0.0, 0.0, 0.0]","[0, 1, 2, 3]","[(2, 3)]",4,1,sin(2*pi*x0) + x1^2 + 0.1*x2*x3,5,3,8,0.001,50,LBFGS,0,10,50,1,1.0,1,1.0,1,ok,,,0.0010354723781347,0.0033100503496825,grad,fd,"[5.084591865539551, 1.2555909156799316, 0.024344298988580704, 0.007357674650847912, 0.010881085880100727, 0.036687009036540985, 0.006586707197129726, 0.018741605803370476, 0.027692453935742378, 0.012313324958086014, 0.014724123291671276, 0.006695643067359924, 0.0010289486963301897, 0.0025161204393953085, 0.025916554033756256, 0.009987151250243187, 0.012313660234212875, 0.0016999770887196064, 0.0064117396250367165, 0.018047578632831573, 0.011446776799857616, 0.010441932827234268, 0.020898912101984024, 0.011411952786147594, 0.01234083715826273, 0.008731965906918049, 0.013894578441977501, 0.010482627898454666, 0.008872232399880886, 0.00718933530151844, 0.016027648001909256, 0.008931668475270271, 0.018438387662172318, 0.012573318555951118, 0.010225001722574234, 0.0095055578276515, 0.01968849077820778, 0.005755151156336069, 0.02333715930581093, 0.02848060242831707, 0.02591215819120407, 0.0052278973162174225, 0.005291387438774109, 0.024736803025007248, 0.009777912870049477, 0.00827868189662695, 0.01805615983903408, 0.03222285956144333, 0.007594666443765163, 0.0246109701693058]","[0, 1, 5, 47]",0.5,0.5,0.5,0.7608695652173912,0.5931818181818181,"[(0, 1)]",0.0,0.0,0.0,0.0010754592949524,0.1838672310113906,1.0,1.0,0.0,0.0,0.0,0.0,-0.1827917717164382,0.0,>1,2.0,variable_ranking_misses_endpoint
KAN_tuned_fixed,core_interaction_c01,raw,8,512,4096,50,0.0,4,"[0, 1, 2, 3, 4, 5, 6, 7, 8, 9, 10, 11, 12, 13, 14, 15, 16, 17, 18, 19, 20, 21, 22, 23, 24, 25, 26, 27, 28, 29, 30, 31, 32, 33, 34, 35, 36, 37, 38, 39, 40, 41, 42, 43, 44, 45, 46, 47, 48, 49]",none,"[0.0, 0.0, 0.0, 0.0, 0.0, 0.0, 0.0, 0.0, 0.0, 0.0, 0.0, 0.0, 0.0, 0.0, 0.0, 0.0, 0.0, 0.0, 0.0, 0.0, 0.0, 0.0, 0.0, 0.0, 0.0, 0.0, 0.0, 0.0, 0.0, 0.0, 0.0, 0.0, 0.0, 0.0, 0.0, 0.0, 0.0, 0.0, 0.0, 0.0, 0.0, 0.0, 0.0, 0.0, 0.0, 0.0, 0.0, 0.0, 0.0, 0.0]","[0, 1, 2, 3]","[(2, 3)]",4,1,sin(2*pi*x0) + x1^2 + 0.1*x2*x3,5,3,8,0.001,50,LBFGS,0,10,50,1,1.0,1,1.0,1,ok,,,0.0009027434280142,0.0025343636516481,grad,fd,"[5.246363639831543, 1.287432074546814, 0.005674423649907112, 0.03180781006813049, 0.001133687561377883, 0.016132032498717308, 0.015427588485181332, 0.0034080531913787127, 0.009107483550906181, 0.022527284920215607, 0.017347387969493866, 0.019053101539611816, 0.019156591966748238, 0.019209329038858414, 0.01140439510345459, 0.0004896492464467883, 0.01031081099063158, 0.002329625189304352, 0.005154239945113659, 0.013034055009484291, 0.0010610159952193499, 0.0026608845219016075, 0.009371654130518436, 0.006625932641327381, 0.0021621931809931993, 0.0045839883387088776, 0.006339908577501774, 0.007898073643445969, 0.0189862959086895, 0.010915140621364117, 0.007612147368490696, 0.011333002708852291, 0.00967849139124155, 0.0004086729313712567, 0.0024218293838202953, 0.0024935733526945114, 0.011084076948463917, 3.547682717908174e-05, 0.013367947190999985, 0.010755501687526703, 0.014084107242524624, 0.01373077742755413, 0.013319269753992558, 0.0037200585938990116, 0.007572169881314039, 0.018367227166891098, 0.0011518176179379225, 0.021366029977798462, 0.02874160371720791, 0.00996740534901619]","[0, 1, 3, 48]",0.75,0.75,0.75,0.8315217391304348,0.7785714285714286,"[(0, 1)]",0.0,0.0,0.0,0.0011916563380509,0.3588966429233551,1.0,1.0,0.5,0.0,0.0,0.0,-0.3577049865853042,0.0,>1,2.0,variable_ranking_misses_endpoint
KAN_tuned_fixed,core_interaction_c01,raw,9,512,4096,50,0.0,4,"[0, 1, 2, 3, 4, 5, 6, 7, 8, 9, 10, 11, 12, 13, 14, 15, 16, 17, 18, 19, 20, 21, 22, 23, 24, 25, 26, 27, 28, 29, 30, 31, 32, 33, 34, 35, 36, 37, 38, 39, 40, 41, 42, 43, 44, 45, 46, 47, 48, 49]",none,"[0.0, 0.0, 0.0, 0.0, 0.0, 0.0, 0.0, 0.0, 0.0, 0.0, 0.0, 0.0, 0.0, 0.0, 0.0, 0.0, 0.0, 0.0, 0.0, 0.0, 0.0, 0.0, 0.0, 0.0, 0.0, 0.0, 0.0, 0.0, 0.0, 0.0, 0.0, 0.0, 0.0, 0.0, 0.0, 0.0, 0.0, 0.0, 0.0, 0.0, 0.0, 0.0, 0.0, 0.0, 0.0, 0.0, 0.0, 0.0, 0.0, 0.0]","[0, 1, 2, 3]","[(2, 3)]",4,1,sin(2*pi*x0) + x1^2 + 0.1*x2*x3,5,3,8,0.001,50,LBFGS,0,10,50,1,1.0,1,1.0,1,ok,,,0.0012654357124119,0.002775311935693,grad,fd,"[4.899073600769043, 1.290574550628662, 0.015112718567252159, 0.025524381548166275, 0.022423051297664642, 0.03458158299326897, 0.04503476992249489, 0.009889839217066765, 0.01850047893822193, 0.007975924760103226, 0.002599485218524933, 0.018743108958005905, 0.0026529990136623383, 0.00862114131450653, 0.020930686965584755, 0.0010950955329462886, 0.008622687309980392, 0.002867824863642454, 0.005676603410393, 0.01507672481238842, 0.004677293822169304, 0.009995643049478531, 0.010126488283276558, 0.011321427300572395, 0.000284857873339206, 0.009921921417117119, 0.00617255549877882, 0.0021342909894883633, 0.010069526731967926, 0.0019378685392439365, 0.004432653076946735, 0.026909317821264267, 0.005627420265227556, 0.013105658814311028, 0.0062746647745370865, 0.0028537441976368427, 0.022665981203317642, 0.007606863509863615, 0.01611843705177307, 0.014685513451695442, 0.0037149665877223015, 0.00599259976297617, 0.004039539955556393, 0.0059720538556575775, 0.016974132508039474, 0.004763612523674965, 0.008426656946539879, 0.01515953615307808, 0.0112590491771698, 0.004374891519546509]","[0, 1, 5, 6]",0.5,0.5,0.5,0.923913043478261,0.6916666666666667,"[(0, 1)]",0.0,0.0,0.0,0.0010334042599424,0.5731104612350464,1.0,1.0,0.0,0.0,0.0,0.0,-0.572077056975104,0.0,>1,2.0,variable_ranking_misses_endpoint
KAN_tuned_fixed,core_interaction_c01,rf,0,512,4096,50,0.0,4,"[0, 1, 8, 38]",rf,"[0.8478090666843053, 0.07881108657892624, 0.0014122947097476683, 0.002071824149190192, 0.0012918544882094026, 0.0013761878506387878, 0.0012470968942678417, 0.0018495788773406155, 0.0023011328203178445, 0.0013461754797147083, 0.001857811768144661, 0.0015612921068719281, 0.0010945216809752339, 0.0009873878934184815, 0.0015207616429742039, 0.0016153570262536676, 0.0014876603795404165, 0.0013779446413888137, 0.0017030216691208218, 0.0015700171150454742, 0.0014100131697763305, 0.0020002982559456997, 0.0011331023969004695, 0.0010485037420662484, 0.0014829954436258045, 0.0008810589937720033, 0.0016446322539154388, 0.001359399385449084, 0.0008402496653026344, 0.001561250669644494, 0.0011981125442679108, 0.001621258484039801, 0.0014832286359589128, 0.0018357430184142128, 0.0016540589980912621, 0.0016200033935423529, 0.0010580284283608003, 0.001892330868853311, 0.0024288987800623898, 0.0021393497044408767, 0.0019414638908187673, 0.0017459971357367276, 0.0013545936465924123, 0.0009893259151390937, 0.0022290142193993018, 0.001262821127393693, 0.001725037711033486, 0.0017007548799728054, 0.0014557929156735862, 0.0010106072694176405]","[0, 1, 2, 3]","[(2, 3)]",4,1,sin(2*pi*x0) + x1^2 + 0.1*x2*x3,5,3,8,0.001,50,LBFGS,0,10,4,0,0.5,0,0.0,0,ok,,,0.0019850765820592,0.0022876844741404,grad,fd,"[5.467013835906982, 1.3264710903167725, 0.0, 0.0, 0.0, 0.0, 0.0, 0.0, 0.0043699778616428375, 0.0, 0.0, 0.0, 0.0, 0.0, 0.0, 0.0, 0.0, 0.0, 0.0, 0.0, 0.0, 0.0, 0.0, 0.0, 0.0, 0.0, 0.0, 0.0, 0.0, 0.0, 0.0, 0.0, 0.0, 0.0, 0.0, 0.0, 0.0, 0.0, 0.012897217646241188, 0.0, 0.0, 0.0, 0.0, 0.0, 0.0, 0.0, 0.0, 0.0, 0.0, 0.0]","[0, 1, 8, 38]",0.5,0.5,0.5,0.7391304347826088,0.54,"[(0, 1)]",0.0,0.0,0.0,0.0,0.284321129322052,0.0,0.0,0.0,0.0,0.0,0.0,-0.284321129322052,0.0,>1,2.0,screen_misses_endpoint
KAN_tuned_fixed,core_interaction_c01,rf,1,512,4096,50,0.0,4,"[0, 1, 19, 28]",rf,"[0.8348853781721461, 0.09720680587949347, 0.0015626635267971453, 0.0014179066320578718, 0.0013216792092694259, 0.0015033759919387212, 0.0014390536816067685, 0.0014859250586269973, 0.0008870132132934907, 0.0011586056422441845, 0.0013673935703835637, 0.0011821663465590472, 0.0008481305130714076, 0.001575768253614132, 0.001439181175940973, 0.0011115158465739307, 0.001193619562499799, 0.001515499675299558, 0.0013631984917511024, 0.002147143036768025, 0.0012765300735874782, 0.0017494182987385378, 0.001796354944517827, 0.0015326462230634164, 0.0012801867472082033, 0.0007929833523604016, 0.001962038229065294, 0.0013792397965469159, 0.002335966417564974, 0.0013282820741699264, 0.0012486618267570136, 0.0013438658292770976, 0.0013663491690450106, 0.0013233286933796668, 0.0010821919825955968, 0.0015993717655652686, 0.0013704665274744193, 0.0010657090265123216, 0.0018882184544961314, 0.0014814429994616184, 0.001419878863461175, 0.0011710165093180875, 0.0014358290189598606, 0.0013288795465211504, 0.0016787292133865948, 0.0017467153494125272, 0.0011617693263425751, 0.0014467878148681855, 0.0012258425642704262, 0.0015692758821367143]","[0, 1, 2, 3]","[(2, 3)]",4,1,sin(2*pi*x0) + x1^2 + 0.1*x2*x3,5,3,8,0.001,50,LBFGS,0,10,4,0,0.5,0,0.0,0,ok,,,0.0019588186405599,0.0022052177228033,grad,fd,"[5.495085716247559, 1.2962381839752197, 0.0, 0.0, 0.0, 0.0, 0.0, 0.0, 0.0, 0.0, 0.0, 0.0, 0.0, 0.0, 0.0, 0.0, 0.0, 0.0, 0.0, 0.040570568293333054, 0.0, 0.0, 0.0, 0.0, 0.0, 0.0, 0.0, 0.0, 0.015145234763622284, 0.0, 0.0, 0.0, 0.0, 0.0, 0.0, 0.0, 0.0, 0.0, 0.0, 0.0, 0.0, 0.0, 0.0, 0.0, 0.0, 0.0, 0.0, 0.0, 0.0, 0.0]","[0, 1, 19, 28]",0.5,0.5,0.5,0.7391304347826088,0.54,"[(0, 1)]",0.0,0.0,0.0,0.0,0.6791868209838867,0.0,0.0,0.0,0.0,0.0,0.0,-0.6791868209838867,0.0,>1,2.0,screen_misses_endpoint
KAN_tuned_fixed,core_interaction_c01,rf,2,512,4096,50,0.0,4,"[0, 1, 11, 17]",rf,"[0.8464414139301406, 0.0945793231761309, 0.001147246302504787, 0.0010190884473917274, 0.0009712812483607918, 0.0017679321565880661, 0.0005716893968299612, 0.0010143262936508192, 0.001192741641594365, 0.0011223302494189152, 0.0008968571528797038, 0.002027195045435642, 0.0009125179469880586, 0.001006718579309402, 0.001166658039512341, 0.0010367113696934157, 0.0014645274468351108, 0.0026598107351463156, 0.0010133763697185493, 0.0008037458083355318, 0.0010674930825184778, 0.0012396435562550521, 0.0013025804130762976, 0.0008842665810032322, 0.001134689593568313, 0.0013515474034380146, 0.0009207303131683218, 0.001313358095617029, 0.0008633773422861118, 0.0010447341652807794, 0.001959786524897106, 0.0012812322020308532, 0.0014491219499332814, 0.001074558248271632, 0.001823748563755277, 0.001068068012518061, 0.0014589891457413618, 0.0012116758323734243, 0.0009440191407347553, 0.0014819587558144887, 0.0008060035520178873, 0.001849409157411056, 0.0009703958899706076, 0.001258358442647979, 0.0017372315287358623, 0.0008611026509315547, 0.0011292140431287479, 0.0015878915127435968, 0.0010612284275676848, 0.0010480945360980525]","[0, 1, 2, 3]","[(2, 3)]",4,1,sin(2*pi*x0) + x1^2 + 0.1*x2*x3,5,3,8,0.001,50,LBFGS,0,10,4,0,0.5,0,0.0,0,ok,,,0.0017471495084464,0.0023287707008421,grad,fd,"[5.188404083251953, 1.2837998867034912, 0.0, 0.0, 0.0, 0.0, 0.0, 0.0, 0.0, 0.0, 0.0, 0.02650032564997673, 0.0, 0.0, 0.0, 0.0, 0.0, 0.032558977603912354, 0.0, 0.0, 0.0, 0.0, 0.0, 0.0, 0.0, 0.0, 0.0, 0.0, 0.0, 0.0, 0.0, 0.0, 0.0, 0.0, 0.0, 0.0, 0.0, 0.0, 0.0, 0.0, 0.0, 0.0, 0.0, 0.0, 0.0, 0.0, 0.0, 0.0, 0.0, 0.0]","[0, 1, 11, 17]",0.5,0.5,0.5,0.7391304347826088,0.54,"[(0, 1)]",0.0,0.0,0.0,0.0,0.4792028069496155,0.0,0.0,0.0,0.0,0.0,0.0,-0.4792028069496155,0.0,>1,2.0,screen_misses_endpoint
KAN_tuned_fixed,core_interaction_c01,rf,3,512,4096,50,0.0,4,"[0, 1, 30, 42]",rf,"[0.8540956699026796, 0.08960335073600037, 0.0010515328304354305, 0.0012479457032763448, 0.001158622219615913, 0.001306768808613873, 0.0016261646429085762, 0.00102315001548643, 0.001363222494977851, 0.0017017653957498912, 0.0007219740855710355, 0.0010544029494470686, 0.001235439964036006, 0.0013173664995084747, 0.0008076497025539756, 0.0012309877064622878, 0.0011063444465465883, 0.000913158710716115, 0.0009611929182961877, 0.001322932921106428, 0.0008809809832673763, 0.000976928321760951, 0.0010710223431369147, 0.0013201792464483143, 0.0009732269525244153, 0.0019255848613033244, 0.000933550960034915, 0.0013465550537408119, 0.0011223903300800868, 0.0011446105369956625, 0.0024619024979018575, 0.0013199237680352742, 0.0012227754459183113, 0.0008029832214651522, 0.0009484808862111377, 0.00130288454549859, 0.000915989638022066, 0.0007323497269308585, 0.0009022407256976918, 0.0011823715991300832, 0.0011136085499144674, 0.0008872317626643881, 0.0019518552416934133, 0.0011181406590766133, 0.0007905413582606509, 0.0014414988567802408, 0.0012040616534705062, 0.0007734238636563396, 0.001686455173934591, 0.0006966085824564219]","[0, 1, 2, 3]","[(2, 3)]",4,1,sin(2*pi*x0) + x1^2 + 0.1*x2*x3,5,3,8,0.001,50,LBFGS,0,10,4,0,0.5,0,0.0,0,ok,,,0.0020321384072303,0.0022744317539036,grad,fd,"[5.235464096069336, 1.244499683380127, 0.0, 0.0, 0.0, 0.0, 0.0, 0.0, 0.0, 0.0, 0.0, 0.0, 0.0, 0.0, 0.0, 0.0, 0.0, 0.0, 0.0, 0.0, 0.0, 0.0, 0.0, 0.0, 0.0, 0.0, 0.0, 0.0, 0.0, 0.0, 0.01777089387178421, 0.0, 0.0, 0.0, 0.0, 0.0, 0.0, 0.0, 0.0, 0.0, 0.0, 0.0, 0.05047624558210373, 0.0, 0.0, 0.0, 0.0, 0.0, 0.0, 0.0]","[0, 1, 30, 42]",0.5,0.5,0.5,0.7391304347826088,0.54,"[(0, 1)]",0.0,0.0,0.0,0.0,0.4953157603740692,0.0,0.0,0.0,0.0,0.0,0.0,-0.4953157603740692,0.0,>1,2.0,screen_misses_endpoint
KAN_tuned_fixed,core_interaction_c01,rf,4,512,4096,50,0.0,4,"[0, 1, 37, 48]",rf,"[0.8297914618356407, 0.10080201234027943, 0.0015164777281062216, 0.0014995858701845343, 0.0012205908450327076, 0.0017087299848716495, 0.0013545849997453634, 0.0007044385969624084, 0.0012442906280761628, 0.0010594050289120538, 0.0015146043236671089, 0.001655746160124262, 0.0016885899228109012, 0.0012085776150596778, 0.0009515067646338084, 0.0013923861131087342, 0.002132238599379561, 0.001236390946273097, 0.0010349444799773605, 0.001661794533117225, 0.0011490360559625573, 0.0013198502158110789, 0.001117139757174513, 0.001252321571212942, 0.0015000109060266879, 0.0015695595406224787, 0.0009886774463146255, 0.0017585949564167887, 0.0011063632939413918, 0.0010635744053183202, 0.0014404412992952678, 0.001602053055561648, 0.0009627614133540795, 0.0019383373456659295, 0.001177248836565017, 0.0014294591173120551, 0.0015108013535180401, 0.002391756513838889, 0.0017288169169128763, 0.0015960677847051505, 0.0015823459282131175, 0.0012188604787542463, 0.0018979216341992004, 0.001367271386052159, 0.0017604694155194038, 0.001738637365636118, 0.0009692528586148544, 0.0018015422038462482, 0.002246781754863809, 0.001435687872807466]","[0, 1, 2, 3]","[(2, 3)]",4,1,sin(2*pi*x0) + x1^2 + 0.1*x2*x3,5,3,8,0.001,50,LBFGS,0,10,4,0,0.5,0,0.0,0,ok,,,0.002026938367635,0.00253920070827,grad,fd,"[5.328625679016113, 1.3888508081436157, 0.0, 0.0, 0.0, 0.0, 0.0, 0.0, 0.0, 0.0, 0.0, 0.0, 0.0, 0.0, 0.0, 0.0, 0.0, 0.0, 0.0, 0.0, 0.0, 0.0, 0.0, 0.0, 0.0, 0.0, 0.0, 0.0, 0.0, 0.0, 0.0, 0.0, 0.0, 0.0, 0.0, 0.0, 0.0, 0.01782306283712387, 0.0, 0.0, 0.0, 0.0, 0.0, 0.0, 0.0, 0.0, 0.0, 0.0, 0.025437558069825172, 0.0]","[0, 1, 37, 48]",0.5,0.5,0.5,0.7391304347826088,0.54,"[(0, 1)]",0.0,0.0,0.0,0.0,0.5979135036468506,0.0,0.0,0.0,0.0,0.0,0.0,-0.5979135036468506,0.0,>1,2.0,screen_misses_endpoint
KAN_tuned_fixed,core_interaction_c01,rf,5,512,4096,50,0.0,4,"[0, 1, 2, 14]",rf,"[0.8289052828147596, 0.10862705885342383, 0.002324896285323831, 0.0018863311951242362, 0.0009252493682578983, 0.0017820953356812983, 0.001636535932710236, 0.0008277817026721496, 0.0009353783870569875, 0.001245967244353571, 0.001280617029141613, 0.001612716468598311, 0.0012091852419524826, 0.0013059752855820548, 0.002038491669398807, 0.0017167662975968055, 0.000881208077122104, 0.0010469844320304823, 0.0012887729926434083, 0.0008604434300087626, 0.0013331179858077837, 0.0011235980612442316, 0.0012402557586747443, 0.0012602362043950674, 0.0013159796574814106, 0.001173378903530142, 0.0010062083046117548, 0.0013280414847822468, 0.0009290624451659032, 0.0012240298936006847, 0.0009564532279740374, 0.0014999839760945959, 0.0014318283882448438, 0.0018683670949612514, 0.000831071713540481, 0.0014079119759795992, 0.0011312579229292396, 0.0010974136764648353, 0.0008594776651929905, 0.0014987839083091007, 0.0012100873977612685, 0.0016184984260432557, 0.0012098706105861047, 0.0007973663232414609, 0.0012863137542599577, 0.0013793342196159201, 0.0011913841671997597, 0.0019083111175228944, 0.001455367307733091, 0.0010892703836126894]","[0, 1, 2, 3]","[(2, 3)]",4,1,sin(2*pi*x0) + x1^2 + 0.1*x2*x3,5,3,8,0.001,50,LBFGS,0,10,4,0,0.75,0,0.5,0,ok,,,0.0022095111198723,0.0022990540601313,grad,fd,"[5.274400234222412, 1.2735129594802856, 0.022688107565045357, 0.0, 0.0, 0.0, 0.0, 0.0, 0.0, 0.0, 0.0, 0.0, 0.0, 0.0, 0.008462047204375267, 0.0, 0.0, 0.0, 0.0, 0.0, 0.0, 0.0, 0.0, 0.0, 0.0, 0.0, 0.0, 0.0, 0.0, 0.0, 0.0, 0.0, 0.0, 0.0, 0.0, 0.0, 0.0, 0.0, 0.0, 0.0, 0.0, 0.0, 0.0, 0.0, 0.0, 0.0, 0.0, 0.0, 0.0, 0.0]","[0, 1, 2, 14]",0.75,0.75,0.75,0.8722826086956521,0.77,"[(0, 1)]",0.0,0.0,0.0,0.0,0.2254167348146438,0.5,0.0,0.5,0.0,0.0,0.0,-0.2254167348146438,0.0,>1,2.0,screen_misses_endpoint
KAN_tuned_fixed,core_interaction_c01,rf,6,512,4096,50,0.0,4,"[0, 1, 43, 44]",rf,"[0.8396176487147603, 0.09312139361915985, 0.0014910437767199159, 0.00148104975784399, 0.001115482857606671, 0.0013835751450374844, 0.001199901875378592, 0.001270055071710575, 0.0017059616827128968, 0.0012619455699067206, 0.0013238335981873893, 0.001418738076894214, 0.0019716309901216082, 0.0013302406130238263, 0.0010909500294322202, 0.001299138829651626, 0.0010231862724965053, 0.0014846183486500646, 0.0014022029236494709, 0.0010189452331967937, 0.0010750201306502407, 0.0014912333692781831, 0.00113494411458543, 0.0014104547703778915, 0.001455292978357562, 0.0010960254027314361, 0.0011484547278648395, 0.0019192819163379208, 0.001222892355950706, 0.0015832841738334452, 0.0015300538213168793, 0.0016513732387184316, 0.0012402309344689913, 0.001296260327694999, 0.0015792815572714047, 0.0011091244001526473, 0.0009191770246423627, 0.001403980788044986, 0.0008690751364559032, 0.0015854725891177098, 0.0009845828263918268, 0.0013333233484030965, 0.0013254073884965164, 0.002022244708626098, 0.0027367389820656383, 0.0017750197914901946, 0.0017631092026602643, 0.0017097347318365934, 0.0012318739657267846, 0.001385508310310311]","[0, 1, 2, 3]","[(2, 3)]",4,1,sin(2*pi*x0) + x1^2 + 0.1*x2*x3,5,3,8,0.001,50,LBFGS,0,10,4,0,0.5,0,0.0,0,ok,,,0.0031149517744779,0.0041774897836148,grad,fd,"[5.416701316833496, 1.276500940322876, 0.0, 0.0, 0.0, 0.0, 0.0, 0.0, 0.0, 0.0, 0.0, 0.0, 0.0, 0.0, 0.0, 0.0, 0.0, 0.0, 0.0, 0.0, 0.0, 0.0, 0.0, 0.0, 0.0, 0.0, 0.0, 0.0, 0.0, 0.0, 0.0, 0.0, 0.0, 0.0, 0.0, 0.0, 0.0, 0.0, 0.0, 0.0, 0.0, 0.0, 0.0, 0.03612477332353592, 0.021862324327230453, 0.0, 0.0, 0.0, 0.0, 0.0]","[0, 1, 43, 44]",0.5,0.5,0.5,0.7391304347826088,0.54,"[(0, 1)]",0.0,0.0,0.0,0.0,0.4627859592437744,0.0,0.0,0.0,0.0,0.0,0.0,-0.4627859592437744,0.0,>1,2.0,screen_misses_endpoint
KAN_tuned_fixed,core_interaction_c01,rf,7,512,4096,50,0.0,4,"[0, 1, 4, 37]",rf,"[0.8375819587820771, 0.10753513462482321, 0.0014356541232150156, 0.0011436009070335089, 0.0022930175353646273, 0.001007762186317338, 0.0010422613284697979, 0.0012765859390759249, 0.0009187272537911868, 0.0008874202535729045, 0.0011603031861233677, 0.0009182885701088165, 0.001324315124561234, 0.0009708200141088761, 0.0009267731567677393, 0.0009758840443226441, 0.0014408024166819564, 0.0008547125853026395, 0.0008467140834123503, 0.0010800493887028408, 0.0010648176685760047, 0.0011979517406371133, 0.001564595532295712, 0.0009510440230337845, 0.0008611004058293469, 0.0008001104041944891, 0.001117214711770139, 0.0009894033248083098, 0.0011817253108391654, 0.0011238149031168388, 0.0011269940177574271, 0.0009012689189751696, 0.0010404573894643495, 0.0010425155218259255, 0.0007672253786653013, 0.0009898342730264747, 0.0010052454290033301, 0.002123064269529295, 0.0016725321777133707, 0.0009820813699110754, 0.0013852835189541357, 0.001412204772612829, 0.001127185283082056, 0.0009961178198503828, 0.0012248191266296673, 0.0008228020702425733, 0.0013341905916781965, 0.0014764822578169294, 0.0009869519629936124, 0.001110180321334012]","[0, 1, 2, 3]","[(2, 3)]",4,1,sin(2*pi*x0) + x1^2 + 0.1*x2*x3,5,3,8,0.001,50,LBFGS,0,10,4,0,0.5,0,0.0,0,ok,,,0.0018892877269536,0.0021674735471606,grad,fd,"[5.1478424072265625, 1.2928318977355957, 0.0, 0.0, 0.018427932634949684, 0.0, 0.0, 0.0, 0.0, 0.0, 0.0, 0.0, 0.0, 0.0, 0.0, 0.0, 0.0, 0.0, 0.0, 0.0, 0.0, 0.0, 0.0, 0.0, 0.0, 0.0, 0.0, 0.0, 0.0, 0.0, 0.0, 0.0, 0.0, 0.0, 0.0, 0.0, 0.0, 0.04178810119628906, 0.0, 0.0, 0.0, 0.0, 0.0, 0.0, 0.0, 0.0, 0.0, 0.0, 0.0, 0.0]","[0, 1, 4, 37]",0.5,0.5,0.5,0.7391304347826088,0.54,"[(0, 1)]",0.0,0.0,0.0,0.0,0.2488454580307006,0.0,0.0,0.0,0.0,0.0,0.0,-0.2488454580307006,0.0,>1,2.0,screen_misses_endpoint
KAN_tuned_fixed,core_interaction_c01,rf,8,512,4096,50,0.0,4,"[0, 1, 31, 44]",rf,"[0.8287328600908982, 0.10634028985990933, 0.0009063636026721381, 0.0011830427499903444, 0.001369606099274048, 0.0010347726913781175, 0.0016780967468901893, 0.001109377645247985, 0.0009928981061252127, 0.0015251348413691849, 0.002181712363876061, 0.0008522874881521538, 0.001162303633769591, 0.0013524152214170013, 0.0015374230459726617, 0.0010880543620203802, 0.0012112325200519072, 0.0010340586699689085, 0.0008230352206091088, 0.0013858802514705604, 0.0014260187495026913, 0.001140863661494651, 0.0010150765947299961, 0.001460543929464922, 0.0015169602251200822, 0.0014728791638618543, 0.0014131414361479259, 0.0008945386277510588, 0.0015264876324155765, 0.0016646636044988547, 0.001128782399986447, 0.0028521664848990625, 0.0011088402159958603, 0.001481097272262894, 0.0016033466942184007, 0.001510998051552575, 0.0021703062949513467, 0.0014113171485391123, 0.0010444741509382325, 0.001110574840399196, 0.001262088742928866, 0.00128432103839362, 0.0012061888093540868, 0.000853649812593699, 0.002683486459808133, 0.0012534897261902206, 0.0016419369248309819, 0.0016506030246061676, 0.000864164144687456, 0.0008461489268126949]","[0, 1, 2, 3]","[(2, 3)]",4,1,sin(2*pi*x0) + x1^2 + 0.1*x2*x3,5,3,8,0.001,50,LBFGS,0,10,4,0,0.5,0,0.0,0,ok,,,0.0020369177218526,0.0026395928580313,grad,fd,"[5.225592136383057, 1.2823048830032349, 0.0, 0.0, 0.0, 0.0, 0.0, 0.0, 0.0, 0.0, 0.0, 0.0, 0.0, 0.0, 0.0, 0.0, 0.0, 0.0, 0.0, 0.0, 0.0, 0.0, 0.0, 0.0, 0.0, 0.0, 0.0, 0.0, 0.0, 0.0, 0.0, 0.022074012085795403, 0.0, 0.0, 0.0, 0.0, 0.0, 0.0, 0.0, 0.0, 0.0, 0.0, 0.0, 0.0, 0.01134965755045414, 0.0, 0.0, 0.0, 0.0, 0.0]","[0, 1, 31, 44]",0.5,0.5,0.5,0.7391304347826088,0.54,"[(0, 31)]",0.0,0.0,0.0,0.0,0.103353813290596,0.0,0.0,0.0,0.0,0.0,0.0,-0.103353813290596,0.0,>1,2.0,screen_misses_endpoint
KAN_tuned_fixed,core_interaction_c01,rf,9,512,4096,50,0.0,4,"[0, 1, 18, 48]",rf,"[0.8508951872361589, 0.08470748195967986, 0.0009907401848184313, 0.0010515000935817172, 0.0014783187866072032, 0.001097231578591393, 0.0010501195755321395, 0.0012505590677327873, 0.0014238454447907298, 0.001354730182452737, 0.0009907129864001614, 0.00106882251156966, 0.0010494627814936082, 0.0017326283466197463, 0.0010872177953320898, 0.0008242101550466746, 0.001123479673583278, 0.0012687150589784783, 0.0025772222630073573, 0.0012725711170259927, 0.0018866583066978481, 0.0021818272961887162, 0.0013943459160621857, 0.001539111673619966, 0.0015077642476999185, 0.002123524879654719, 0.0012181910494952245, 0.0016312404219414932, 0.001246057787121114, 0.0011264262516539338, 0.0008153490422307192, 0.0012849041470564756, 0.0012840758684149428, 0.0009968051674730195, 0.0011024537276727846, 0.0010415782650075216, 0.0010004798085763195, 0.0012364149888226816, 0.0011782576972773353, 0.0012049076538118626, 0.00131575652817025, 0.001470502597788642, 0.0009796398473018075, 0.0008572002910457987, 0.0021316212106768577, 0.0011916618080780304, 0.0009645352299487173, 0.001131727243932125, 0.0031929443287051036, 0.0014692799188709927]","[0, 1, 2, 3]","[(2, 3)]",4,1,sin(2*pi*x0) + x1^2 + 0.1*x2*x3,5,3,8,0.001,50,LBFGS,0,10,4,0,0.5,0,0.0,0,ok,,,0.0019339310238137,0.0021537053398787,grad,fd,"[4.877274513244629, 1.2902482748031616, 0.0, 0.0, 0.0, 0.0, 0.0, 0.0, 0.0, 0.0, 0.0, 0.0, 0.0, 0.0, 0.0, 0.0, 0.0, 0.0, 0.0011805701069533825, 0.0, 0.0, 0.0, 0.0, 0.0, 0.0, 0.0, 0.0, 0.0, 0.0, 0.0, 0.0, 0.0, 0.0, 0.0, 0.0, 0.0, 0.0, 0.0, 0.0, 0.0, 0.0, 0.0, 0.0, 0.0, 0.0, 0.0, 0.0, 0.0, 0.02061852253973484, 0.0]","[0, 1, 18, 48]",0.5,0.5,0.5,0.7391304347826088,0.54,"[(0, 1)]",0.0,0.0,0.0,0.0,0.1365187913179397,0.0,0.0,0.0,0.0,0.0,0.0,-0.1365187913179397,0.0,>1,2.0,screen_misses_endpoint
KAN_tuned_fixed,core_interaction_c01,oracle_support,0,512,4096,50,0.0,4,"[0, 1, 2, 3]",oracle_support_random_fill,"[0.0, 0.0, 0.0, 0.0, 0.0, 0.0, 0.0, 0.0, 0.0, 0.0, 0.0, 0.0, 0.0, 0.0, 0.0, 0.0, 0.0, 0.0, 0.0, 0.0, 0.0, 0.0, 0.0, 0.0, 0.0, 0.0, 0.0, 0.0, 0.0, 0.0, 0.0, 0.0, 0.0, 0.0, 0.0, 0.0, 0.0, 0.0, 0.0, 0.0, 0.0, 0.0, 0.0, 0.0, 0.0, 0.0, 0.0, 0.0, 0.0, 0.0]","[0, 1, 2, 3]","[(2, 3)]",4,1,sin(2*pi*x0) + x1^2 + 0.1*x2*x3,5,3,8,0.001,50,LBFGS,0,10,4,1,1.0,1,1.0,1,ok,,,0.001962496433407,0.0024164183996617,grad,fd,"[5.482391834259033, 1.3247212171554565, 0.016594648361206055, 0.04037516191601753, 0.0, 0.0, 0.0, 0.0, 0.0, 0.0, 0.0, 0.0, 0.0, 0.0, 0.0, 0.0, 0.0, 0.0, 0.0, 0.0, 0.0, 0.0, 0.0, 0.0, 0.0, 0.0, 0.0, 0.0, 0.0, 0.0, 0.0, 0.0, 0.0, 0.0, 0.0, 0.0, 0.0, 0.0, 0.0, 0.0, 0.0, 0.0, 0.0, 0.0, 0.0, 0.0, 0.0, 0.0, 0.0, 0.0]","[0, 1, 2, 3]",1.0,1.0,1.0,1.0,1.0,"[(0, 1)]",0.0,0.0,0.0,0.0009636278264224,0.5022884607315063,1.0,1.0,1.0,1.0,0.0,0.0,-0.5013248329050839,0.0,>1,2.0,interaction_ranking_misses_pair
KAN_tuned_fixed,core_interaction_c01,oracle_support,1,512,4096,50,0.0,4,"[0, 1, 2, 3]",oracle_support_random_fill,"[0.0, 0.0, 0.0, 0.0, 0.0, 0.0, 0.0, 0.0, 0.0, 0.0, 0.0, 0.0, 0.0, 0.0, 0.0, 0.0, 0.0, 0.0, 0.0, 0.0, 0.0, 0.0, 0.0, 0.0, 0.0, 0.0, 0.0, 0.0, 0.0, 0.0, 0.0, 0.0, 0.0, 0.0, 0.0, 0.0, 0.0, 0.0, 0.0, 0.0, 0.0, 0.0, 0.0, 0.0, 0.0, 0.0, 0.0, 0.0, 0.0, 0.0]","[0, 1, 2, 3]","[(2, 3)]",4,1,sin(2*pi*x0) + x1^2 + 0.1*x2*x3,5,3,8,0.001,50,LBFGS,0,10,4,1,1.0,1,1.0,1,ok,,,0.0017878483049571,0.0020764460787177,grad,fd,"[5.402667045593262, 1.2810536623001099, 0.015571044757962227, 0.019576530903577805, 0.0, 0.0, 0.0, 0.0, 0.0, 0.0, 0.0, 0.0, 0.0, 0.0, 0.0, 0.0, 0.0, 0.0, 0.0, 0.0, 0.0, 0.0, 0.0, 0.0, 0.0, 0.0, 0.0, 0.0, 0.0, 0.0, 0.0, 0.0, 0.0, 0.0, 0.0, 0.0, 0.0, 0.0, 0.0, 0.0, 0.0, 0.0, 0.0, 0.0, 0.0, 0.0, 0.0, 0.0, 0.0, 0.0]","[0, 1, 2, 3]",1.0,1.0,1.0,1.0,1.0,"[(0, 1)]",0.0,0.0,0.0,0.0010857183951884,0.3323018550872803,1.0,1.0,1.0,1.0,0.0,0.0,-0.3312161366920919,0.0,>1,2.0,interaction_ranking_misses_pair
KAN_tuned_fixed,core_interaction_c01,oracle_support,2,512,4096,50,0.0,4,"[0, 1, 2, 3]",oracle_support_random_fill,"[0.0, 0.0, 0.0, 0.0, 0.0, 0.0, 0.0, 0.0, 0.0, 0.0, 0.0, 0.0, 0.0, 0.0, 0.0, 0.0, 0.0, 0.0, 0.0, 0.0, 0.0, 0.0, 0.0, 0.0, 0.0, 0.0, 0.0, 0.0, 0.0, 0.0, 0.0, 0.0, 0.0, 0.0, 0.0, 0.0, 0.0, 0.0, 0.0, 0.0, 0.0, 0.0, 0.0, 0.0, 0.0, 0.0, 0.0, 0.0, 0.0, 0.0]","[0, 1, 2, 3]","[(2, 3)]",4,1,sin(2*pi*x0) + x1^2 + 0.1*x2*x3,5,3,8,0.001,50,LBFGS,0,10,4,1,1.0,1,1.0,1,ok,,,0.0019859275780618,0.0025352602824568,grad,fd,"[5.1158318519592285, 1.2687265872955322, 0.012971672229468822, 0.01848609931766987, 0.0, 0.0, 0.0, 0.0, 0.0, 0.0, 0.0, 0.0, 0.0, 0.0, 0.0, 0.0, 0.0, 0.0, 0.0, 0.0, 0.0, 0.0, 0.0, 0.0, 0.0, 0.0, 0.0, 0.0, 0.0, 0.0, 0.0, 0.0, 0.0, 0.0, 0.0, 0.0, 0.0, 0.0, 0.0, 0.0, 0.0, 0.0, 0.0, 0.0, 0.0, 0.0, 0.0, 0.0, 0.0, 0.0]","[0, 1, 2, 3]",1.0,1.0,1.0,1.0,1.0,"[(0, 1)]",0.0,0.0,0.0,0.0013421594630926,0.2411793768405914,1.0,1.0,1.0,1.0,0.0,0.0,-0.2398372173774988,0.0,>1,2.0,interaction_ranking_misses_pair
KAN_tuned_fixed,core_interaction_c01,oracle_support,3,512,4096,50,0.0,4,"[0, 1, 2, 3]",oracle_support_random_fill,"[0.0, 0.0, 0.0, 0.0, 0.0, 0.0, 0.0, 0.0, 0.0, 0.0, 0.0, 0.0, 0.0, 0.0, 0.0, 0.0, 0.0, 0.0, 0.0, 0.0, 0.0, 0.0, 0.0, 0.0, 0.0, 0.0, 0.0, 0.0, 0.0, 0.0, 0.0, 0.0, 0.0, 0.0, 0.0, 0.0, 0.0, 0.0, 0.0, 0.0, 0.0, 0.0, 0.0, 0.0, 0.0, 0.0, 0.0, 0.0, 0.0, 0.0]","[0, 1, 2, 3]","[(2, 3)]",4,1,sin(2*pi*x0) + x1^2 + 0.1*x2*x3,5,3,8,0.001,50,LBFGS,0,10,4,1,1.0,1,1.0,1,ok,,,0.0019793179817497,0.0023399714846163,grad,fd,"[5.159970283508301, 1.243868350982666, 0.018726520240306854, 0.04438023269176483, 0.0, 0.0, 0.0, 0.0, 0.0, 0.0, 0.0, 0.0, 0.0, 0.0, 0.0, 0.0, 0.0, 0.0, 0.0, 0.0, 0.0, 0.0, 0.0, 0.0, 0.0, 0.0, 0.0, 0.0, 0.0, 0.0, 0.0, 0.0, 0.0, 0.0, 0.0, 0.0, 0.0, 0.0, 0.0, 0.0, 0.0, 0.0, 0.0, 0.0, 0.0, 0.0, 0.0, 0.0, 0.0, 0.0]","[0, 1, 2, 3]",1.0,1.0,1.0,1.0,1.0,"[(0, 1)]",0.0,0.0,0.0,0.0016979174688458,0.3045072853565216,1.0,1.0,1.0,1.0,0.0,0.0,-0.3028093678876758,0.0,>1,2.0,interaction_ranking_misses_pair
KAN_tuned_fixed,core_interaction_c01,oracle_support,4,512,4096,50,0.0,4,"[0, 1, 2, 3]",oracle_support_random_fill,"[0.0, 0.0, 0.0, 0.0, 0.0, 0.0, 0.0, 0.0, 0.0, 0.0, 0.0, 0.0, 0.0, 0.0, 0.0, 0.0, 0.0, 0.0, 0.0, 0.0, 0.0, 0.0, 0.0, 0.0, 0.0, 0.0, 0.0, 0.0, 0.0, 0.0, 0.0, 0.0, 0.0, 0.0, 0.0, 0.0, 0.0, 0.0, 0.0, 0.0, 0.0, 0.0, 0.0, 0.0, 0.0, 0.0, 0.0, 0.0, 0.0, 0.0]","[0, 1, 2, 3]","[(2, 3)]",4,1,sin(2*pi*x0) + x1^2 + 0.1*x2*x3,5,3,8,0.001,50,LBFGS,0,10,4,1,1.0,1,1.0,1,ok,,,0.0020460858941078,0.002486626850441,grad,fd,"[5.32427978515625, 1.3990859985351562, 0.049110397696495056, 0.02684609591960907, 0.0, 0.0, 0.0, 0.0, 0.0, 0.0, 0.0, 0.0, 0.0, 0.0, 0.0, 0.0, 0.0, 0.0, 0.0, 0.0, 0.0, 0.0, 0.0, 0.0, 0.0, 0.0, 0.0, 0.0, 0.0, 0.0, 0.0, 0.0, 0.0, 0.0, 0.0, 0.0, 0.0, 0.0, 0.0, 0.0, 0.0, 0.0, 0.0, 0.0, 0.0, 0.0, 0.0, 0.0, 0.0, 0.0]","[0, 1, 2, 3]",1.0,1.0,1.0,1.0,1.0,"[(0, 1)]",0.0,0.0,0.0,0.0012302189134061,0.7247687578201294,1.0,1.0,1.0,1.0,0.0,0.0,-0.7235385389067233,0.0,>1,2.0,interaction_ranking_misses_pair
KAN_tuned_fixed,core_interaction_c01,oracle_support,5,512,4096,50,0.0,4,"[0, 1, 2, 3]",oracle_support_random_fill,"[0.0, 0.0, 0.0, 0.0, 0.0, 0.0, 0.0, 0.0, 0.0, 0.0, 0.0, 0.0, 0.0, 0.0, 0.0, 0.0, 0.0, 0.0, 0.0, 0.0, 0.0, 0.0, 0.0, 0.0, 0.0, 0.0, 0.0, 0.0, 0.0, 0.0, 0.0, 0.0, 0.0, 0.0, 0.0, 0.0, 0.0, 0.0, 0.0, 0.0, 0.0, 0.0, 0.0, 0.0, 0.0, 0.0, 0.0, 0.0, 0.0, 0.0]","[0, 1, 2, 3]","[(2, 3)]",4,1,sin(2*pi*x0) + x1^2 + 0.1*x2*x3,5,3,8,0.001,50,LBFGS,0,10,4,1,1.0,1,1.0,1,ok,,,0.0019632573239505,0.0020934655331075,grad,fd,"[5.221273899078369, 1.276321291923523, 0.021967779844999313, 0.027166616171598434, 0.0, 0.0, 0.0, 0.0, 0.0, 0.0, 0.0, 0.0, 0.0, 0.0, 0.0, 0.0, 0.0, 0.0, 0.0, 0.0, 0.0, 0.0, 0.0, 0.0, 0.0, 0.0, 0.0, 0.0, 0.0, 0.0, 0.0, 0.0, 0.0, 0.0, 0.0, 0.0, 0.0, 0.0, 0.0, 0.0, 0.0, 0.0, 0.0, 0.0, 0.0, 0.0, 0.0, 0.0, 0.0, 0.0]","[0, 1, 2, 3]",1.0,1.0,1.0,1.0,1.0,"[(0, 3)]",0.0,0.0,0.0,0.0011733209248632,0.0623002424836158,1.0,1.0,1.0,1.0,0.5,0.0,-0.0611269215587526,0.0,>1,2.0,interaction_ranking_misses_pair
KAN_tuned_fixed,core_interaction_c01,oracle_support,6,512,4096,50,0.0,4,"[0, 1, 2, 3]",oracle_support_random_fill,"[0.0, 0.0, 0.0, 0.0, 0.0, 0.0, 0.0, 0.0, 0.0, 0.0, 0.0, 0.0, 0.0, 0.0, 0.0, 0.0, 0.0, 0.0, 0.0, 0.0, 0.0, 0.0, 0.0, 0.0, 0.0, 0.0, 0.0, 0.0, 0.0, 0.0, 0.0, 0.0, 0.0, 0.0, 0.0, 0.0, 0.0, 0.0, 0.0, 0.0, 0.0, 0.0, 0.0, 0.0, 0.0, 0.0, 0.0, 0.0, 0.0, 0.0]","[0, 1, 2, 3]","[(2, 3)]",4,1,sin(2*pi*x0) + x1^2 + 0.1*x2*x3,5,3,8,0.001,50,LBFGS,0,10,4,1,1.0,1,1.0,1,ok,,,0.0027929106727242,0.0036085620522499,grad,fd,"[5.380138874053955, 1.282247543334961, 0.012161456048488617, 0.008321226574480534, 0.0, 0.0, 0.0, 0.0, 0.0, 0.0, 0.0, 0.0, 0.0, 0.0, 0.0, 0.0, 0.0, 0.0, 0.0, 0.0, 0.0, 0.0, 0.0, 0.0, 0.0, 0.0, 0.0, 0.0, 0.0, 0.0, 0.0, 0.0, 0.0, 0.0, 0.0, 0.0, 0.0, 0.0, 0.0, 0.0, 0.0, 0.0, 0.0, 0.0, 0.0, 0.0, 0.0, 0.0, 0.0, 0.0]","[0, 1, 2, 3]",1.0,1.0,1.0,1.0,1.0,"[(0, 1)]",0.0,0.0,0.0,0.0013175304047763,0.9935648441314696,1.0,1.0,1.0,1.0,0.0,0.0,-0.9922473137266933,0.0,>1,2.0,interaction_ranking_misses_pair
KAN_tuned_fixed,core_interaction_c01,oracle_support,7,512,4096,50,0.0,4,"[0, 1, 2, 3]",oracle_support_random_fill,"[0.0, 0.0, 0.0, 0.0, 0.0, 0.0, 0.0, 0.0, 0.0, 0.0, 0.0, 0.0, 0.0, 0.0, 0.0, 0.0, 0.0, 0.0, 0.0, 0.0, 0.0, 0.0, 0.0, 0.0, 0.0, 0.0, 0.0, 0.0, 0.0, 0.0, 0.0, 0.0, 0.0, 0.0, 0.0, 0.0, 0.0, 0.0, 0.0, 0.0, 0.0, 0.0, 0.0, 0.0, 0.0, 0.0, 0.0, 0.0, 0.0, 0.0]","[0, 1, 2, 3]","[(2, 3)]",4,1,sin(2*pi*x0) + x1^2 + 0.1*x2*x3,5,3,8,0.001,50,LBFGS,0,10,4,1,1.0,1,1.0,1,ok,,,0.0018936819396913,0.0021441038697957,grad,fd,"[5.150157928466797, 1.2998368740081787, 0.016228672116994858, 0.007977914065122604, 0.0, 0.0, 0.0, 0.0, 0.0, 0.0, 0.0, 0.0, 0.0, 0.0, 0.0, 0.0, 0.0, 0.0, 0.0, 0.0, 0.0, 0.0, 0.0, 0.0, 0.0, 0.0, 0.0, 0.0, 0.0, 0.0, 0.0, 0.0, 0.0, 0.0, 0.0, 0.0, 0.0, 0.0, 0.0, 0.0, 0.0, 0.0, 0.0, 0.0, 0.0, 0.0, 0.0, 0.0, 0.0, 0.0]","[0, 1, 2, 3]",1.0,1.0,1.0,1.0,1.0,"[(0, 1)]",0.0,0.0,0.0,0.0014653778634965,0.52896648645401,1.0,1.0,1.0,1.0,0.0,0.0,-0.5275011085905135,0.0,>1,2.0,interaction_ranking_misses_pair
KAN_tuned_fixed,core_interaction_c01,oracle_support,8,512,4096,50,0.0,4,"[0, 1, 2, 3]",oracle_support_random_fill,"[0.0, 0.0, 0.0, 0.0, 0.0, 0.0, 0.0, 0.0, 0.0, 0.0, 0.0, 0.0, 0.0, 0.0, 0.0, 0.0, 0.0, 0.0, 0.0, 0.0, 0.0, 0.0, 0.0, 0.0, 0.0, 0.0, 0.0, 0.0, 0.0, 0.0, 0.0, 0.0, 0.0, 0.0, 0.0, 0.0, 0.0, 0.0, 0.0, 0.0, 0.0, 0.0, 0.0, 0.0, 0.0, 0.0, 0.0, 0.0, 0.0, 0.0]","[0, 1, 2, 3]","[(2, 3)]",4,1,sin(2*pi*x0) + x1^2 + 0.1*x2*x3,5,3,8,0.001,50,LBFGS,0,10,4,1,1.0,1,1.0,1,ok,,,0.0007495071040466,0.0010276666143909,grad,fd,"[5.219954967498779, 1.2769315242767334, 0.03783642500638962, 0.0500129833817482, 0.0, 0.0, 0.0, 0.0, 0.0, 0.0, 0.0, 0.0, 0.0, 0.0, 0.0, 0.0, 0.0, 0.0, 0.0, 0.0, 0.0, 0.0, 0.0, 0.0, 0.0, 0.0, 0.0, 0.0, 0.0, 0.0, 0.0, 0.0, 0.0, 0.0, 0.0, 0.0, 0.0, 0.0, 0.0, 0.0, 0.0, 0.0, 0.0, 0.0, 0.0, 0.0, 0.0, 0.0, 0.0, 0.0]","[0, 1, 2, 3]",1.0,1.0,1.0,1.0,1.0,"[(0, 1)]",0.0,0.0,0.0,0.0594457015395164,0.0774003267288208,1.0,1.0,1.0,1.0,0.0,0.0,-0.0179546251893044,0.0,>1,2.0,interaction_ranking_misses_pair
KAN_tuned_fixed,core_interaction_c01,oracle_support,9,512,4096,50,0.0,4,"[0, 1, 2, 3]",oracle_support_random_fill,"[0.0, 0.0, 0.0, 0.0, 0.0, 0.0, 0.0, 0.0, 0.0, 0.0, 0.0, 0.0, 0.0, 0.0, 0.0, 0.0, 0.0, 0.0, 0.0, 0.0, 0.0, 0.0, 0.0, 0.0, 0.0, 0.0, 0.0, 0.0, 0.0, 0.0, 0.0, 0.0, 0.0, 0.0, 0.0, 0.0, 0.0, 0.0, 0.0, 0.0, 0.0, 0.0, 0.0, 0.0, 0.0, 0.0, 0.0, 0.0, 0.0, 0.0]","[0, 1, 2, 3]","[(2, 3)]",4,1,sin(2*pi*x0) + x1^2 + 0.1*x2*x3,5,3,8,0.001,50,LBFGS,0,10,4,1,1.0,1,1.0,1,ok,,,0.0019310259958729,0.0024744449183344,grad,fd,"[4.888417720794678, 1.2766607999801636, 0.02040671929717064, 0.08890675753355026, 0.0, 0.0, 0.0, 0.0, 0.0, 0.0, 0.0, 0.0, 0.0, 0.0, 0.0, 0.0, 0.0, 0.0, 0.0, 0.0, 0.0, 0.0, 0.0, 0.0, 0.0, 0.0, 0.0, 0.0, 0.0, 0.0, 0.0, 0.0, 0.0, 0.0, 0.0, 0.0, 0.0, 0.0, 0.0, 0.0, 0.0, 0.0, 0.0, 0.0, 0.0, 0.0, 0.0, 0.0, 0.0, 0.0]","[0, 1, 2, 3]",1.0,1.0,1.0,1.0,1.0,"[(0, 1)]",0.0,0.0,0.0,0.0023294705897569,0.3902456164360046,1.0,1.0,1.0,1.0,0.0,0.0,-0.3879161458462477,0.0,>1,2.0,interaction_ranking_misses_pair
KAN_tuned_fixed,core_interaction_c01,random,0,512,4096,50,0.0,4,"[5, 8, 34, 40]",random,"[0.0, 0.0, 0.0, 0.0, 0.0, 0.0, 0.0, 0.0, 0.0, 0.0, 0.0, 0.0, 0.0, 0.0, 0.0, 0.0, 0.0, 0.0, 0.0, 0.0, 0.0, 0.0, 0.0, 0.0, 0.0, 0.0, 0.0, 0.0, 0.0, 0.0, 0.0, 0.0, 0.0, 0.0, 0.0, 0.0, 0.0, 0.0, 0.0, 0.0, 0.0, 0.0, 0.0, 0.0, 0.0, 0.0, 0.0, 0.0, 0.0, 0.0]","[0, 1, 2, 3]","[(2, 3)]",4,1,sin(2*pi*x0) + x1^2 + 0.1*x2*x3,5,3,8,0.001,50,LBFGS,0,10,4,0,0.0,0,0.0,0,ok,,,0.1970363855361938,2.4819207191467285,grad,fd,"[0.0, 0.0, 0.0, 0.0, 0.0, 13.43506908416748, 0.0, 0.0, 10.653114318847656, 0.0, 0.0, 0.0, 0.0, 0.0, 0.0, 0.0, 0.0, 0.0, 0.0, 0.0, 0.0, 0.0, 0.0, 0.0, 0.0, 0.0, 0.0, 0.0, 0.0, 0.0, 0.0, 0.0, 0.0, 0.0, 10.63495922088623, 0.0, 0.0, 0.0, 0.0, 0.0, 11.127361297607422, 0.0, 0.0, 0.0, 0.0, 0.0, 0.0, 0.0, 0.0, 0.0]","[5, 8, 34, 40]",0.0,0.0,0.0,0.4565217391304348,0.08,"[(5, 40)]",0.0,0.0,0.0,0.0,189.85736083984372,0.0,0.0,0.0,0.0,0.0,0.0,-189.85736083984372,0.0,>1,2.0,screen_misses_endpoint
KAN_tuned_fixed,core_interaction_c01,random,1,512,4096,50,0.0,4,"[8, 29, 48, 49]",random,"[0.0, 0.0, 0.0, 0.0, 0.0, 0.0, 0.0, 0.0, 0.0, 0.0, 0.0, 0.0, 0.0, 0.0, 0.0, 0.0, 0.0, 0.0, 0.0, 0.0, 0.0, 0.0, 0.0, 0.0, 0.0, 0.0, 0.0, 0.0, 0.0, 0.0, 0.0, 0.0, 0.0, 0.0, 0.0, 0.0, 0.0, 0.0, 0.0, 0.0, 0.0, 0.0, 0.0, 0.0, 0.0, 0.0, 0.0, 0.0, 0.0, 0.0]","[0, 1, 2, 3]","[(2, 3)]",4,1,sin(2*pi*x0) + x1^2 + 0.1*x2*x3,5,3,8,0.001,50,LBFGS,0,10,4,0,0.0,0,0.0,0,ok,,,0.1084098368883133,3.0664777755737305,grad,fd,"[0.0, 0.0, 0.0, 0.0, 0.0, 0.0, 0.0, 0.0, 8.426218032836914, 0.0, 0.0, 0.0, 0.0, 0.0, 0.0, 0.0, 0.0, 0.0, 0.0, 0.0, 0.0, 0.0, 0.0, 0.0, 0.0, 0.0, 0.0, 0.0, 0.0, 10.282814979553223, 0.0, 0.0, 0.0, 0.0, 0.0, 0.0, 0.0, 0.0, 0.0, 0.0, 0.0, 0.0, 0.0, 0.0, 0.0, 0.0, 0.0, 0.0, 11.56120491027832, 13.888320922851562]","[8, 29, 48, 49]",0.0,0.0,0.0,0.4565217391304348,0.08,"[(48, 49)]",0.0,0.0,0.0,0.0,169.88067626953125,0.0,0.0,0.0,0.0,0.0,0.0,-169.88067626953125,0.0,>1,2.0,screen_misses_endpoint
KAN_tuned_fixed,core_interaction_c01,random,2,512,4096,50,0.0,4,"[8, 14, 15, 40]",random,"[0.0, 0.0, 0.0, 0.0, 0.0, 0.0, 0.0, 0.0, 0.0, 0.0, 0.0, 0.0, 0.0, 0.0, 0.0, 0.0, 0.0, 0.0, 0.0, 0.0, 0.0, 0.0, 0.0, 0.0, 0.0, 0.0, 0.0, 0.0, 0.0, 0.0, 0.0, 0.0, 0.0, 0.0, 0.0, 0.0, 0.0, 0.0, 0.0, 0.0, 0.0, 0.0, 0.0, 0.0, 0.0, 0.0, 0.0, 0.0, 0.0, 0.0]","[0, 1, 2, 3]","[(2, 3)]",4,1,sin(2*pi*x0) + x1^2 + 0.1*x2*x3,5,3,8,0.001,50,LBFGS,0,10,4,0,0.0,0,0.0,0,ok,,,0.289023607969284,2.179733991622925,grad,fd,"[0.0, 0.0, 0.0, 0.0, 0.0, 0.0, 0.0, 0.0, 9.07612133026123, 0.0, 0.0, 0.0, 0.0, 0.0, 8.295249938964844, 8.654163360595703, 0.0, 0.0, 0.0, 0.0, 0.0, 0.0, 0.0, 0.0, 0.0, 0.0, 0.0, 0.0, 0.0, 0.0, 0.0, 0.0, 0.0, 0.0, 0.0, 0.0, 0.0, 0.0, 0.0, 0.0, 9.49870491027832, 0.0, 0.0, 0.0, 0.0, 0.0, 0.0, 0.0, 0.0, 0.0]","[8, 14, 15, 40]",0.0,0.0,0.0,0.4565217391304348,0.08,"[(8, 40)]",0.0,0.0,0.0,0.0,126.1514129638672,0.0,0.0,0.0,0.0,0.0,0.0,-126.1514129638672,0.0,>1,2.0,screen_misses_endpoint
KAN_tuned_fixed,core_interaction_c01,random,3,512,4096,50,0.0,4,"[0, 13, 35, 40]",random,"[0.0, 0.0, 0.0, 0.0, 0.0, 0.0, 0.0, 0.0, 0.0, 0.0, 0.0, 0.0, 0.0, 0.0, 0.0, 0.0, 0.0, 0.0, 0.0, 0.0, 0.0, 0.0, 0.0, 0.0, 0.0, 0.0, 0.0, 0.0, 0.0, 0.0, 0.0, 0.0, 0.0, 0.0, 0.0, 0.0, 0.0, 0.0, 0.0, 0.0, 0.0, 0.0, 0.0, 0.0, 0.0, 0.0, 0.0, 0.0, 0.0, 0.0]","[0, 1, 2, 3]","[(2, 3)]",4,1,sin(2*pi*x0) + x1^2 + 0.1*x2*x3,5,3,8,0.001,50,LBFGS,0,10,4,0,0.25,0,0.0,0,ok,,,0.0578718185424804,0.2977160811424255,grad,fd,"[6.49288272857666, 0.0, 0.0, 0.0, 0.0, 0.0, 0.0, 0.0, 0.0, 0.0, 0.0, 0.0, 0.0, 2.351803779602051, 0.0, 0.0, 0.0, 0.0, 0.0, 0.0, 0.0, 0.0, 0.0, 0.0, 0.0, 0.0, 0.0, 0.0, 0.0, 0.0, 0.0, 0.0, 0.0, 0.0, 0.0, 2.1782069206237793, 0.0, 0.0, 0.0, 0.0, 2.921907663345337, 0.0, 0.0, 0.0, 0.0, 0.0, 0.0, 0.0, 0.0, 0.0]","[0, 13, 35, 40]",0.25,0.25,0.25,0.6005434782608695,0.31,"[(13, 40)]",0.0,0.0,0.0,0.0,36.68299102783203,0.0,0.0,0.0,0.0,0.0,0.0,-36.68299102783203,0.0,>1,2.0,screen_misses_endpoint
KAN_tuned_fixed,core_interaction_c01,random,4,512,4096,50,0.0,4,"[7, 9, 39, 44]",random,"[0.0, 0.0, 0.0, 0.0, 0.0, 0.0, 0.0, 0.0, 0.0, 0.0, 0.0, 0.0, 0.0, 0.0, 0.0, 0.0, 0.0, 0.0, 0.0, 0.0, 0.0, 0.0, 0.0, 0.0, 0.0, 0.0, 0.0, 0.0, 0.0, 0.0, 0.0, 0.0, 0.0, 0.0, 0.0, 0.0, 0.0, 0.0, 0.0, 0.0, 0.0, 0.0, 0.0, 0.0, 0.0, 0.0, 0.0, 0.0, 0.0, 0.0]","[0, 1, 2, 3]","[(2, 3)]",4,1,sin(2*pi*x0) + x1^2 + 0.1*x2*x3,5,3,8,0.001,50,LBFGS,0,10,4,0,0.0,0,0.0,0,ok,,,0.1092224419116973,3.130805969238281,grad,fd,"[0.0, 0.0, 0.0, 0.0, 0.0, 0.0, 0.0, 10.531501770019531, 0.0, 10.869754791259766, 0.0, 0.0, 0.0, 0.0, 0.0, 0.0, 0.0, 0.0, 0.0, 0.0, 0.0, 0.0, 0.0, 0.0, 0.0, 0.0, 0.0, 0.0, 0.0, 0.0, 0.0, 0.0, 0.0, 0.0, 0.0, 0.0, 0.0, 0.0, 0.0, 10.062356948852539, 0.0, 0.0, 0.0, 0.0, 10.856175422668457, 0.0, 0.0, 0.0, 0.0, 0.0]","[7, 9, 39, 44]",0.0,0.0,0.0,0.4565217391304348,0.08,"[(9, 44)]",0.0,0.0,0.0,0.0,130.2589111328125,0.0,0.0,0.0,0.0,0.0,0.0,-130.2589111328125,0.0,>1,2.0,screen_misses_endpoint
KAN_tuned_fixed,core_interaction_c01,random,5,512,4096,50,0.0,4,"[30, 33, 34, 37]",random,"[0.0, 0.0, 0.0, 0.0, 0.0, 0.0, 0.0, 0.0, 0.0, 0.0, 0.0, 0.0, 0.0, 0.0, 0.0, 0.0, 0.0, 0.0, 0.0, 0.0, 0.0, 0.0, 0.0, 0.0, 0.0, 0.0, 0.0, 0.0, 0.0, 0.0, 0.0, 0.0, 0.0, 0.0, 0.0, 0.0, 0.0, 0.0, 0.0, 0.0, 0.0, 0.0, 0.0, 0.0, 0.0, 0.0, 0.0, 0.0, 0.0, 0.0]","[0, 1, 2, 3]","[(2, 3)]",4,1,sin(2*pi*x0) + x1^2 + 0.1*x2*x3,5,3,8,0.001,50,LBFGS,0,10,4,0,0.0,0,0.0,0,ok,,,0.1003039330244064,3.006254911422729,grad,fd,"[0.0, 0.0, 0.0, 0.0, 0.0, 0.0, 0.0, 0.0, 0.0, 0.0, 0.0, 0.0, 0.0, 0.0, 0.0, 0.0, 0.0, 0.0, 0.0, 0.0, 0.0, 0.0, 0.0, 0.0, 0.0, 0.0, 0.0, 0.0, 0.0, 0.0, 9.97050952911377, 0.0, 0.0, 11.65648365020752, 10.047933578491211, 0.0, 0.0, 9.937938690185547, 0.0, 0.0, 0.0, 0.0, 0.0, 0.0, 0.0, 0.0, 0.0, 0.0, 0.0, 0.0]","[30, 33, 34, 37]",0.0,0.0,0.0,0.4565217391304348,0.08,"[(33, 34)]",0.0,0.0,0.0,0.0,108.91622924804688,0.0,0.0,0.0,0.0,0.0,0.0,-108.91622924804688,0.0,>1,2.0,screen_misses_endpoint
KAN_tuned_fixed,core_interaction_c01,random,6,512,4096,50,0.0,4,"[6, 18, 25, 43]",random,"[0.0, 0.0, 0.0, 0.0, 0.0, 0.0, 0.0, 0.0, 0.0, 0.0, 0.0, 0.0, 0.0, 0.0, 0.0, 0.0, 0.0, 0.0, 0.0, 0.0, 0.0, 0.0, 0.0, 0.0, 0.0, 0.0, 0.0, 0.0, 0.0, 0.0, 0.0, 0.0, 0.0, 0.0, 0.0, 0.0, 0.0, 0.0, 0.0, 0.0, 0.0, 0.0, 0.0, 0.0, 0.0, 0.0, 0.0, 0.0, 0.0, 0.0]","[0, 1, 2, 3]","[(2, 3)]",4,1,sin(2*pi*x0) + x1^2 + 0.1*x2*x3,5,3,8,0.001,50,LBFGS,0,10,4,0,0.0,0,0.0,0,ok,,,0.1333910822868347,2.8020925521850586,grad,fd,"[0.0, 0.0, 0.0, 0.0, 0.0, 0.0, 8.41103458404541, 0.0, 0.0, 0.0, 0.0, 0.0, 0.0, 0.0, 0.0, 0.0, 0.0, 0.0, 8.59078311920166, 0.0, 0.0, 0.0, 0.0, 0.0, 0.0, 12.456673622131348, 0.0, 0.0, 0.0, 0.0, 0.0, 0.0, 0.0, 0.0, 0.0, 0.0, 0.0, 0.0, 0.0, 0.0, 0.0, 0.0, 0.0, 13.576183319091797, 0.0, 0.0, 0.0, 0.0, 0.0, 0.0]","[6, 18, 25, 43]",0.0,0.0,0.0,0.4565217391304348,0.08,"[(25, 43)]",0.0,0.0,0.0,0.0,161.45806884765625,0.0,0.0,0.0,0.0,0.0,0.0,-161.45806884765625,0.0,>1,2.0,screen_misses_endpoint
KAN_tuned_fixed,core_interaction_c01,random,7,512,4096,50,0.0,4,"[11, 12, 34, 49]",random,"[0.0, 0.0, 0.0, 0.0, 0.0, 0.0, 0.0, 0.0, 0.0, 0.0, 0.0, 0.0, 0.0, 0.0, 0.0, 0.0, 0.0, 0.0, 0.0, 0.0, 0.0, 0.0, 0.0, 0.0, 0.0, 0.0, 0.0, 0.0, 0.0, 0.0, 0.0, 0.0, 0.0, 0.0, 0.0, 0.0, 0.0, 0.0, 0.0, 0.0, 0.0, 0.0, 0.0, 0.0, 0.0, 0.0, 0.0, 0.0, 0.0, 0.0]","[0, 1, 2, 3]","[(2, 3)]",4,1,sin(2*pi*x0) + x1^2 + 0.1*x2*x3,5,3,8,0.001,50,LBFGS,0,10,4,0,0.0,0,0.0,0,ok,,,0.1061294674873352,3.2053985595703125,grad,fd,"[0.0, 0.0, 0.0, 0.0, 0.0, 0.0, 0.0, 0.0, 0.0, 0.0, 0.0, 10.62290096282959, 9.180213928222656, 0.0, 0.0, 0.0, 0.0, 0.0, 0.0, 0.0, 0.0, 0.0, 0.0, 0.0, 0.0, 0.0, 0.0, 0.0, 0.0, 0.0, 0.0, 0.0, 0.0, 0.0, 10.580824851989746, 0.0, 0.0, 0.0, 0.0, 0.0, 0.0, 0.0, 0.0, 0.0, 0.0, 0.0, 0.0, 0.0, 0.0, 10.232440948486328]","[11, 12, 34, 49]",0.0,0.0,0.0,0.4565217391304348,0.08,"[(11, 49)]",0.0,0.0,0.0,0.0,99.17521667480467,0.0,0.0,0.0,0.0,0.0,0.0,-99.17521667480467,0.0,>1,2.0,screen_misses_endpoint
KAN_tuned_fixed,core_interaction_c01,random,8,512,4096,50,0.0,4,"[0, 24, 30, 31]",random,"[0.0, 0.0, 0.0, 0.0, 0.0, 0.0, 0.0, 0.0, 0.0, 0.0, 0.0, 0.0, 0.0, 0.0, 0.0, 0.0, 0.0, 0.0, 0.0, 0.0, 0.0, 0.0, 0.0, 0.0, 0.0, 0.0, 0.0, 0.0, 0.0, 0.0, 0.0, 0.0, 0.0, 0.0, 0.0, 0.0, 0.0, 0.0, 0.0, 0.0, 0.0, 0.0, 0.0, 0.0, 0.0, 0.0, 0.0, 0.0, 0.0, 0.0]","[0, 1, 2, 3]","[(2, 3)]",4,1,sin(2*pi*x0) + x1^2 + 0.1*x2*x3,5,3,8,0.001,50,LBFGS,0,10,4,0,0.25,0,0.0,0,ok,,,0.0712869763374328,0.3069506287574768,grad,fd,"[5.898970603942871, 0.0, 0.0, 0.0, 0.0, 0.0, 0.0, 0.0, 0.0, 0.0, 0.0, 0.0, 0.0, 0.0, 0.0, 0.0, 0.0, 0.0, 0.0, 0.0, 0.0, 0.0, 0.0, 0.0, 1.562169075012207, 0.0, 0.0, 0.0, 0.0, 0.0, 2.671360492706299, 2.4701151847839355, 0.0, 0.0, 0.0, 0.0, 0.0, 0.0, 0.0, 0.0, 0.0, 0.0, 0.0, 0.0, 0.0, 0.0, 0.0, 0.0, 0.0, 0.0]","[0, 24, 30, 31]",0.25,0.25,0.25,0.6005434782608695,0.31,"[(0, 30)]",0.0,0.0,0.0,0.0,27.55276870727539,0.0,0.0,0.0,0.0,0.0,0.0,-27.55276870727539,0.0,>1,2.0,screen_misses_endpoint
KAN_tuned_fixed,core_interaction_c01,random,9,512,4096,50,0.0,4,"[6, 12, 24, 44]",random,"[0.0, 0.0, 0.0, 0.0, 0.0, 0.0, 0.0, 0.0, 0.0, 0.0, 0.0, 0.0, 0.0, 0.0, 0.0, 0.0, 0.0, 0.0, 0.0, 0.0, 0.0, 0.0, 0.0, 0.0, 0.0, 0.0, 0.0, 0.0, 0.0, 0.0, 0.0, 0.0, 0.0, 0.0, 0.0, 0.0, 0.0, 0.0, 0.0, 0.0, 0.0, 0.0, 0.0, 0.0, 0.0, 0.0, 0.0, 0.0, 0.0, 0.0]","[0, 1, 2, 3]","[(2, 3)]",4,1,sin(2*pi*x0) + x1^2 + 0.1*x2*x3,5,3,8,0.001,50,LBFGS,0,10,4,0,0.0,0,0.0,0,ok,,,0.0960695594549179,3.0591225624084477,grad,fd,"[0.0, 0.0, 0.0, 0.0, 0.0, 0.0, 14.497320175170898, 0.0, 0.0, 0.0, 0.0, 0.0, 9.485435485839844, 0.0, 0.0, 0.0, 0.0, 0.0, 0.0, 0.0, 0.0, 0.0, 0.0, 0.0, 9.822382926940918, 0.0, 0.0, 0.0, 0.0, 0.0, 0.0, 0.0, 0.0, 0.0, 0.0, 0.0, 0.0, 0.0, 0.0, 0.0, 0.0, 0.0, 0.0, 0.0, 12.676732063293457, 0.0, 0.0, 0.0, 0.0, 0.0]","[6, 12, 24, 44]",0.0,0.0,0.0,0.4565217391304348,0.08,"[(6, 44)]",0.0,0.0,0.0,0.0,197.73263549804688,0.0,0.0,0.0,0.0,0.0,0.0,-197.73263549804688,0.0,>1,2.0,screen_misses_endpoint
KAN_tuned_fixed,core_interaction_c01,exclude_interaction,0,512,4096,50,0.0,4,"[7, 9, 35, 40]",random_excluding_interaction_endpoints,"[0.0, 0.0, 0.0, 0.0, 0.0, 0.0, 0.0, 0.0, 0.0, 0.0, 0.0, 0.0, 0.0, 0.0, 0.0, 0.0, 0.0, 0.0, 0.0, 0.0, 0.0, 0.0, 0.0, 0.0, 0.0, 0.0, 0.0, 0.0, 0.0, 0.0, 0.0, 0.0, 0.0, 0.0, 0.0, 0.0, 0.0, 0.0, 0.0, 0.0, 0.0, 0.0, 0.0, 0.0, 0.0, 0.0, 0.0, 0.0, 0.0, 0.0]","[0, 1, 2, 3]","[(2, 3)]",4,1,sin(2*pi*x0) + x1^2 + 0.1*x2*x3,5,3,8,0.001,50,LBFGS,0,10,4,0,0.0,0,0.0,0,ok,,,0.083796426653862,3.1012325286865234,grad,fd,"[0.0, 0.0, 0.0, 0.0, 0.0, 0.0, 0.0, 11.028120040893555, 0.0, 10.733985900878906, 0.0, 0.0, 0.0, 0.0, 0.0, 0.0, 0.0, 0.0, 0.0, 0.0, 0.0, 0.0, 0.0, 0.0, 0.0, 0.0, 0.0, 0.0, 0.0, 0.0, 0.0, 0.0, 0.0, 0.0, 0.0, 7.760019302368164, 0.0, 0.0, 0.0, 0.0, 10.075611114501953, 0.0, 0.0, 0.0, 0.0, 0.0, 0.0, 0.0, 0.0, 0.0]","[7, 9, 35, 40]",0.0,0.0,0.0,0.4565217391304348,0.08,"[(9, 40)]",0.0,0.0,0.0,0.0,115.15496826171876,0.0,0.0,0.0,0.0,0.0,0.0,-115.15496826171876,0.0,>1,2.0,screen_misses_endpoint
KAN_tuned_fixed,core_interaction_c01,exclude_interaction,1,512,4096,50,0.0,4,"[9, 29, 30, 49]",random_excluding_interaction_endpoints,"[0.0, 0.0, 0.0, 0.0, 0.0, 0.0, 0.0, 0.0, 0.0, 0.0, 0.0, 0.0, 0.0, 0.0, 0.0, 0.0, 0.0, 0.0, 0.0, 0.0, 0.0, 0.0, 0.0, 0.0, 0.0, 0.0, 0.0, 0.0, 0.0, 0.0, 0.0, 0.0, 0.0, 0.0, 0.0, 0.0, 0.0, 0.0, 0.0, 0.0, 0.0, 0.0, 0.0, 0.0, 0.0, 0.0, 0.0, 0.0, 0.0, 0.0]","[0, 1, 2, 3]","[(2, 3)]",4,1,sin(2*pi*x0) + x1^2 + 0.1*x2*x3,5,3,8,0.001,50,LBFGS,0,10,4,0,0.0,0,0.0,0,ok,,,0.0973898097872734,2.7725164890289307,grad,fd,"[0.0, 0.0, 0.0, 0.0, 0.0, 0.0, 0.0, 0.0, 0.0, 8.226383209228516, 0.0, 0.0, 0.0, 0.0, 0.0, 0.0, 0.0, 0.0, 0.0, 0.0, 0.0, 0.0, 0.0, 0.0, 0.0, 0.0, 0.0, 0.0, 0.0, 8.07379150390625, 11.048986434936523, 0.0, 0.0, 0.0, 0.0, 0.0, 0.0, 0.0, 0.0, 0.0, 0.0, 0.0, 0.0, 0.0, 0.0, 0.0, 0.0, 0.0, 0.0, 10.608890533447266]","[9, 29, 30, 49]",0.0,0.0,0.0,0.4565217391304348,0.08,"[(30, 49)]",0.0,0.0,0.0,0.0,131.5286865234375,0.0,0.0,0.0,0.0,0.0,0.0,-131.5286865234375,0.0,>1,2.0,screen_misses_endpoint
KAN_tuned_fixed,core_interaction_c01,exclude_interaction,2,512,4096,50,0.0,4,"[9, 15, 16, 40]",random_excluding_interaction_endpoints,"[0.0, 0.0, 0.0, 0.0, 0.0, 0.0, 0.0, 0.0, 0.0, 0.0, 0.0, 0.0, 0.0, 0.0, 0.0, 0.0, 0.0, 0.0, 0.0, 0.0, 0.0, 0.0, 0.0, 0.0, 0.0, 0.0, 0.0, 0.0, 0.0, 0.0, 0.0, 0.0, 0.0, 0.0, 0.0, 0.0, 0.0, 0.0, 0.0, 0.0, 0.0, 0.0, 0.0, 0.0, 0.0, 0.0, 0.0, 0.0, 0.0, 0.0]","[0, 1, 2, 3]","[(2, 3)]",4,1,sin(2*pi*x0) + x1^2 + 0.1*x2*x3,5,3,8,0.001,50,LBFGS,0,10,4,0,0.0,0,0.0,0,ok,,,0.2384900003671646,2.479595422744751,grad,fd,"[0.0, 0.0, 0.0, 0.0, 0.0, 0.0, 0.0, 0.0, 0.0, 7.1995649337768555, 0.0, 0.0, 0.0, 0.0, 0.0, 7.735795021057129, 9.476484298706055, 0.0, 0.0, 0.0, 0.0, 0.0, 0.0, 0.0, 0.0, 0.0, 0.0, 0.0, 0.0, 0.0, 0.0, 0.0, 0.0, 0.0, 0.0, 0.0, 0.0, 0.0, 0.0, 0.0, 10.678949356079102, 0.0, 0.0, 0.0, 0.0, 0.0, 0.0, 0.0, 0.0, 0.0]","[9, 15, 16, 40]",0.0,0.0,0.0,0.4565217391304348,0.08,"[(16, 40)]",0.0,0.0,0.0,0.0,132.98875427246094,0.0,0.0,0.0,0.0,0.0,0.0,-132.98875427246094,0.0,>1,2.0,screen_misses_endpoint
KAN_tuned_fixed,core_interaction_c01,exclude_interaction,3,512,4096,50,0.0,4,"[0, 14, 35, 40]",random_excluding_interaction_endpoints,"[0.0, 0.0, 0.0, 0.0, 0.0, 0.0, 0.0, 0.0, 0.0, 0.0, 0.0, 0.0, 0.0, 0.0, 0.0, 0.0, 0.0, 0.0, 0.0, 0.0, 0.0, 0.0, 0.0, 0.0, 0.0, 0.0, 0.0, 0.0, 0.0, 0.0, 0.0, 0.0, 0.0, 0.0, 0.0, 0.0, 0.0, 0.0, 0.0, 0.0, 0.0, 0.0, 0.0, 0.0, 0.0, 0.0, 0.0, 0.0, 0.0, 0.0]","[0, 1, 2, 3]","[(2, 3)]",4,1,sin(2*pi*x0) + x1^2 + 0.1*x2*x3,5,3,8,0.001,50,LBFGS,0,10,4,0,0.25,0,0.0,0,ok,,,0.0933615043759346,0.2198512554168701,grad,fd,"[7.084258079528809, 0.0, 0.0, 0.0, 0.0, 0.0, 0.0, 0.0, 0.0, 0.0, 0.0, 0.0, 0.0, 0.0, 1.2459497451782227, 0.0, 0.0, 0.0, 0.0, 0.0, 0.0, 0.0, 0.0, 0.0, 0.0, 0.0, 0.0, 0.0, 0.0, 0.0, 0.0, 0.0, 0.0, 0.0, 0.0, 1.8674410581588745, 0.0, 0.0, 0.0, 0.0, 0.8350667953491211, 0.0, 0.0, 0.0, 0.0, 0.0, 0.0, 0.0, 0.0, 0.0]","[0, 14, 35, 40]",0.25,0.25,0.25,0.6005434782608695,0.31,"[(0, 35)]",0.0,0.0,0.0,0.0,60.046348571777344,0.0,0.0,0.0,0.0,0.0,0.0,-60.046348571777344,0.0,>1,2.0,screen_misses_endpoint
KAN_tuned_fixed,core_interaction_c01,exclude_interaction,4,512,4096,50,0.0,4,"[8, 11, 39, 44]",random_excluding_interaction_endpoints,"[0.0, 0.0, 0.0, 0.0, 0.0, 0.0, 0.0, 0.0, 0.0, 0.0, 0.0, 0.0, 0.0, 0.0, 0.0, 0.0, 0.0, 0.0, 0.0, 0.0, 0.0, 0.0, 0.0, 0.0, 0.0, 0.0, 0.0, 0.0, 0.0, 0.0, 0.0, 0.0, 0.0, 0.0, 0.0, 0.0, 0.0, 0.0, 0.0, 0.0, 0.0, 0.0, 0.0, 0.0, 0.0, 0.0, 0.0, 0.0, 0.0, 0.0]","[0, 1, 2, 3]","[(2, 3)]",4,1,sin(2*pi*x0) + x1^2 + 0.1*x2*x3,5,3,8,0.001,50,LBFGS,0,10,4,0,0.0,0,0.0,0,ok,,,0.1430373191833496,3.02417540550232,grad,fd,"[0.0, 0.0, 0.0, 0.0, 0.0, 0.0, 0.0, 0.0, 9.619291305541992, 0.0, 0.0, 8.91573715209961, 0.0, 0.0, 0.0, 0.0, 0.0, 0.0, 0.0, 0.0, 0.0, 0.0, 0.0, 0.0, 0.0, 0.0, 0.0, 0.0, 0.0, 0.0, 0.0, 0.0, 0.0, 0.0, 0.0, 0.0, 0.0, 0.0, 0.0, 8.790753364562988, 0.0, 0.0, 0.0, 0.0, 10.043619155883789, 0.0, 0.0, 0.0, 0.0, 0.0]","[8, 11, 39, 44]",0.0,0.0,0.0,0.4565217391304348,0.08,"[(8, 44)]",0.0,0.0,0.0,0.0,108.25433349609376,0.0,0.0,0.0,0.0,0.0,0.0,-108.25433349609376,0.0,>1,2.0,screen_misses_endpoint
KAN_tuned_fixed,core_interaction_c01,exclude_interaction,5,512,4096,50,0.0,4,"[31, 33, 34, 37]",random_excluding_interaction_endpoints,"[0.0, 0.0, 0.0, 0.0, 0.0, 0.0, 0.0, 0.0, 0.0, 0.0, 0.0, 0.0, 0.0, 0.0, 0.0, 0.0, 0.0, 0.0, 0.0, 0.0, 0.0, 0.0, 0.0, 0.0, 0.0, 0.0, 0.0, 0.0, 0.0, 0.0, 0.0, 0.0, 0.0, 0.0, 0.0, 0.0, 0.0, 0.0, 0.0, 0.0, 0.0, 0.0, 0.0, 0.0, 0.0, 0.0, 0.0, 0.0, 0.0, 0.0]","[0, 1, 2, 3]","[(2, 3)]",4,1,sin(2*pi*x0) + x1^2 + 0.1*x2*x3,5,3,8,0.001,50,LBFGS,0,10,4,0,0.0,0,0.0,0,ok,,,0.095879465341568,2.922848701477051,grad,fd,"[0.0, 0.0, 0.0, 0.0, 0.0, 0.0, 0.0, 0.0, 0.0, 0.0, 0.0, 0.0, 0.0, 0.0, 0.0, 0.0, 0.0, 0.0, 0.0, 0.0, 0.0, 0.0, 0.0, 0.0, 0.0, 0.0, 0.0, 0.0, 0.0, 0.0, 0.0, 12.371464729309082, 0.0, 8.950836181640625, 13.097143173217773, 0.0, 0.0, 11.207257270812988, 0.0, 0.0, 0.0, 0.0, 0.0, 0.0, 0.0, 0.0, 0.0, 0.0, 0.0, 0.0]","[31, 33, 34, 37]",0.0,0.0,0.0,0.4565217391304348,0.08,"[(31, 34)]",0.0,0.0,0.0,0.0,204.31610107421875,0.0,0.0,0.0,0.0,0.0,0.0,-204.31610107421875,0.0,>1,2.0,screen_misses_endpoint
KAN_tuned_fixed,core_interaction_c01,exclude_interaction,6,512,4096,50,0.0,4,"[8, 19, 26, 43]",random_excluding_interaction_endpoints,"[0.0, 0.0, 0.0, 0.0, 0.0, 0.0, 0.0, 0.0, 0.0, 0.0, 0.0, 0.0, 0.0, 0.0, 0.0, 0.0, 0.0, 0.0, 0.0, 0.0, 0.0, 0.0, 0.0, 0.0, 0.0, 0.0, 0.0, 0.0, 0.0, 0.0, 0.0, 0.0, 0.0, 0.0, 0.0, 0.0, 0.0, 0.0, 0.0, 0.0, 0.0, 0.0, 0.0, 0.0, 0.0, 0.0, 0.0, 0.0, 0.0, 0.0]","[0, 1, 2, 3]","[(2, 3)]",4,1,sin(2*pi*x0) + x1^2 + 0.1*x2*x3,5,3,8,0.001,50,LBFGS,0,10,4,0,0.0,0,0.0,0,ok,,,0.1789791882038116,2.612644672393799,grad,fd,"[0.0, 0.0, 0.0, 0.0, 0.0, 0.0, 0.0, 0.0, 9.253192901611328, 0.0, 0.0, 0.0, 0.0, 0.0, 0.0, 0.0, 0.0, 0.0, 0.0, 9.332448959350586, 0.0, 0.0, 0.0, 0.0, 0.0, 0.0, 7.979705810546875, 0.0, 0.0, 0.0, 0.0, 0.0, 0.0, 0.0, 0.0, 0.0, 0.0, 0.0, 0.0, 0.0, 0.0, 0.0, 0.0, 6.916162967681885, 0.0, 0.0, 0.0, 0.0, 0.0, 0.0]","[8, 19, 26, 43]",0.0,0.0,0.0,0.4565217391304348,0.08,"[(8, 19)]",0.0,0.0,0.0,0.0,99.08546447753906,0.0,0.0,0.0,0.0,0.0,0.0,-99.08546447753906,0.0,>1,2.0,screen_misses_endpoint
KAN_tuned_fixed,core_interaction_c01,exclude_interaction,7,512,4096,50,0.0,4,"[12, 14, 34, 49]",random_excluding_interaction_endpoints,"[0.0, 0.0, 0.0, 0.0, 0.0, 0.0, 0.0, 0.0, 0.0, 0.0, 0.0, 0.0, 0.0, 0.0, 0.0, 0.0, 0.0, 0.0, 0.0, 0.0, 0.0, 0.0, 0.0, 0.0, 0.0, 0.0, 0.0, 0.0, 0.0, 0.0, 0.0, 0.0, 0.0, 0.0, 0.0, 0.0, 0.0, 0.0, 0.0, 0.0, 0.0, 0.0, 0.0, 0.0, 0.0, 0.0, 0.0, 0.0, 0.0, 0.0]","[0, 1, 2, 3]","[(2, 3)]",4,1,sin(2*pi*x0) + x1^2 + 0.1*x2*x3,5,3,8,0.001,50,LBFGS,0,10,4,0,0.0,0,0.0,0,ok,,,0.1529875099658966,2.856500625610352,grad,fd,"[0.0, 0.0, 0.0, 0.0, 0.0, 0.0, 0.0, 0.0, 0.0, 0.0, 0.0, 0.0, 13.357553482055664, 0.0, 12.270952224731445, 0.0, 0.0, 0.0, 0.0, 0.0, 0.0, 0.0, 0.0, 0.0, 0.0, 0.0, 0.0, 0.0, 0.0, 0.0, 0.0, 0.0, 0.0, 0.0, 10.95881462097168, 0.0, 0.0, 0.0, 0.0, 0.0, 0.0, 0.0, 0.0, 0.0, 0.0, 0.0, 0.0, 0.0, 0.0, 13.567792892456055]","[12, 14, 34, 49]",0.0,0.0,0.0,0.4565217391304348,0.08,"[(12, 14)]",0.0,0.0,0.0,0.0,197.89825439453125,0.0,0.0,0.0,0.0,0.0,0.0,-197.89825439453125,0.0,>1,2.0,screen_misses_endpoint
KAN_tuned_fixed,core_interaction_c01,exclude_interaction,8,512,4096,50,0.0,4,"[0, 25, 30, 31]",random_excluding_interaction_endpoints,"[0.0, 0.0, 0.0, 0.0, 0.0, 0.0, 0.0, 0.0, 0.0, 0.0, 0.0, 0.0, 0.0, 0.0, 0.0, 0.0, 0.0, 0.0, 0.0, 0.0, 0.0, 0.0, 0.0, 0.0, 0.0, 0.0, 0.0, 0.0, 0.0, 0.0, 0.0, 0.0, 0.0, 0.0, 0.0, 0.0, 0.0, 0.0, 0.0, 0.0, 0.0, 0.0, 0.0, 0.0, 0.0, 0.0, 0.0, 0.0, 0.0, 0.0]","[0, 1, 2, 3]","[(2, 3)]",4,1,sin(2*pi*x0) + x1^2 + 0.1*x2*x3,5,3,8,0.001,50,LBFGS,0,10,4,0,0.25,0,0.0,0,ok,,,0.0657853186130523,0.3118766844272613,grad,fd,"[5.446791172027588, 0.0, 0.0, 0.0, 0.0, 0.0, 0.0, 0.0, 0.0, 0.0, 0.0, 0.0, 0.0, 0.0, 0.0, 0.0, 0.0, 0.0, 0.0, 0.0, 0.0, 0.0, 0.0, 0.0, 0.0, 1.7694650888442993, 0.0, 0.0, 0.0, 0.0, 3.259427070617676, 1.9897701740264893, 0.0, 0.0, 0.0, 0.0, 0.0, 0.0, 0.0, 0.0, 0.0, 0.0, 0.0, 0.0, 0.0, 0.0, 0.0, 0.0, 0.0, 0.0]","[0, 25, 30, 31]",0.25,0.25,0.25,0.6005434782608695,0.31,"[(0, 30)]",0.0,0.0,0.0,0.0,38.79951095581055,0.0,0.0,0.0,0.0,0.0,0.0,-38.79951095581055,0.0,>1,2.0,screen_misses_endpoint
KAN_tuned_fixed,core_interaction_c01,exclude_interaction,9,512,4096,50,0.0,4,"[8, 14, 25, 44]",random_excluding_interaction_endpoints,"[0.0, 0.0, 0.0, 0.0, 0.0, 0.0, 0.0, 0.0, 0.0, 0.0, 0.0, 0.0, 0.0, 0.0, 0.0, 0.0, 0.0, 0.0, 0.0, 0.0, 0.0, 0.0, 0.0, 0.0, 0.0, 0.0, 0.0, 0.0, 0.0, 0.0, 0.0, 0.0, 0.0, 0.0, 0.0, 0.0, 0.0, 0.0, 0.0, 0.0, 0.0, 0.0, 0.0, 0.0, 0.0, 0.0, 0.0, 0.0, 0.0, 0.0]","[0, 1, 2, 3]","[(2, 3)]",4,1,sin(2*pi*x0) + x1^2 + 0.1*x2*x3,5,3,8,0.001,50,LBFGS,0,10,4,0,0.0,0,0.0,0,ok,,,0.2042949795722961,2.762282133102417,grad,fd,"[0.0, 0.0, 0.0, 0.0, 0.0, 0.0, 0.0, 0.0, 10.150547981262207, 0.0, 0.0, 0.0, 0.0, 0.0, 9.907958030700684, 0.0, 0.0, 0.0, 0.0, 0.0, 0.0, 0.0, 0.0, 0.0, 0.0, 7.379662990570068, 0.0, 0.0, 0.0, 0.0, 0.0, 0.0, 0.0, 0.0, 0.0, 0.0, 0.0, 0.0, 0.0, 0.0, 0.0, 0.0, 0.0, 0.0, 11.192621231079102, 0.0, 0.0, 0.0, 0.0, 0.0]","[8, 14, 25, 44]",0.0,0.0,0.0,0.4565217391304348,0.08,"[(14, 44)]",0.0,0.0,0.0,0.0,114.24235534667967,0.0,0.0,0.0,0.0,0.0,0.0,-114.24235534667967,0.0,>1,2.0,screen_misses_endpoint
