model,function,screen_mode,seed,samples,test_samples,dimension,noise,top_m,selected_screen_features,screen_score_type,screen_scores,true_variables,true_interactions,num_true_variables,num_true_interactions,formula,grid,k,width_hidden,lamb,steps,opt,update_grid,grid_update_num,effective_dim,screen_contains_all_true_vars,screen_true_var_recall,screen_contains_all_interaction_endpoints,screen_interaction_endpoint_recall,screen_contains_true_interactions,status,error,traceback,train_mse,test_mse,variable_method,interaction_method,importance_scores,selected_variables,variable_precision,variable_recall,variable_f1,variable_auroc,variable_auprc,explain_contains_all_interaction_endpoints,explain_interaction_endpoint_recall,selected_interactions,interaction_precision,interaction_recall,interaction_f1,selected_interaction_endpoint_recall,selected_interaction_contains_all_endpoints,true_interaction_best_rank,true_interaction_worst_rank,true_interaction_rank_mean,true_interaction_score_mean,max_nontrue_interaction_score,true_interaction_mean_score_margin,true_interaction_beats_all_false,interaction_strength,selected_support,variable_stability_scores,variable_mean_importance_scores,top_variables_by_stability,pair_stability_scores,top_pairs_by_stability,num_stability_rows,stability_seed_pool
KAN_tuned_fixed,core_interaction_c025,raw,0,2048,4096,100,0.0,4,"[0, 1, 2, 3, 4, 5, 6, 7, 8, 9, 10, 11, 12, 13, 14, 15, 16, 17, 18, 19, 20, 21, 22, 23, 24, 25, 26, 27, 28, 29, 30, 31, 32, 33, 34, 35, 36, 37, 38, 39, 40, 41, 42, 43, 44, 45, 46, 47, 48, 49, 50, 51, 52, 53, 54, 55, 56, 57, 58, 59, 60, 61, 62, 63, 64, 65, 66, 67, 68, 69, 70, 71, 72, 73, 74, 75, 76, 77, 78, 79, 80, 81, 82, 83, 84, 85, 86, 87, 88, 89, 90, 91, 92, 93, 94, 95, 96, 97, 98, 99]",none,"[0.0, 0.0, 0.0, 0.0, 0.0, 0.0, 0.0, 0.0, 0.0, 0.0, 0.0, 0.0, 0.0, 0.0, 0.0, 0.0, 0.0, 0.0, 0.0, 0.0, 0.0, 0.0, 0.0, 0.0, 0.0, 0.0, 0.0, 0.0, 0.0, 0.0, 0.0, 0.0, 0.0, 0.0, 0.0, 0.0, 0.0, 0.0, 0.0, 0.0, 0.0, 0.0, 0.0, 0.0, 0.0, 0.0, 0.0, 0.0, 0.0, 0.0, 0.0, 0.0, 0.0, 0.0, 0.0, 0.0, 0.0, 0.0, 0.0, 0.0, 0.0, 0.0, 0.0, 0.0, 0.0, 0.0, 0.0, 0.0, 0.0, 0.0, 0.0, 0.0, 0.0, 0.0, 0.0, 0.0, 0.0, 0.0, 0.0, 0.0, 0.0, 0.0, 0.0, 0.0, 0.0, 0.0, 0.0, 0.0, 0.0, 0.0, 0.0, 0.0, 0.0, 0.0, 0.0, 0.0, 0.0, 0.0, 0.0, 0.0]","[0, 1, 2, 3]","[(2, 3)]",4,1,sin(2*pi*x0) + x1^2 + 0.25*x2*x3,5,3,8,0.001,50,LBFGS,0,10,100,1,1.0,1,1.0,1,ok,,,0.005866358987987,0.0172759424895048,grad,fd,"[5.159218788146973, 1.3006994724273682, 0.03978443145751953, 0.04396626725792885, 0.01249419990926981, 0.002418318297713995, 0.023763973265886307, 0.004324302542954683, 0.022646861150860786, 0.025316517800092697, 0.02971600368618965, 0.041094377636909485, 0.021837910637259483, 0.03873763605952263, 0.020448949187994003, 0.037249982357025146, 0.01775399222970009, 0.040248092263936996, 0.03194475173950195, 0.018120067194104195, 0.0278288833796978, 0.07198439538478851, 0.03957430645823479, 0.012794019654393196, 0.027927163988351822, 0.035379767417907715, 0.03098432347178459, 0.02961054816842079, 0.06375956535339355, 0.01987595297396183, 0.041939057409763336, 0.036314137279987335, 0.029672926291823387, 0.012993894517421722, 0.03214166685938835, 0.021402450278401375, 0.005805708467960358, 0.012408406473696232, 0.034287210553884506, 0.008579548448324203, 0.02000654675066471, 0.028020987287163734, 0.033465638756752014, 0.02249225601553917, 0.02014533244073391, 0.018761899322271347, 0.03571762144565582, 0.02816261537373066, 0.03741614148020744, 0.05063767731189728, 0.012037739157676697, 0.006158963777124882, 0.012629682198166847, 0.036756232380867004, 0.023191995918750763, 0.009968900121748447, 0.03368363529443741, 0.016536522656679153, 0.028779666870832443, 0.011726424098014832, 0.035523779690265656, 0.03184136748313904, 0.041150759905576706, 0.028656773269176483, 0.01625026948750019, 0.044607870280742645, 0.04606013745069504, 0.028533663600683212, 0.014275924302637577, 0.011667728424072266, 0.009172494523227215, 0.02320902608335018, 0.03450693190097809, 0.03359837457537651, 0.02071443758904934, 0.026479948312044144, 0.013186084106564522, 0.04016958177089691, 0.024206530302762985, 0.051678791642189026, 0.04149121046066284, 0.014661775901913643, 0.021401017904281616, 0.02270798571407795, 0.031612589955329895, 0.018137644976377487, 0.02524416707456112, 0.03663797676563263, 0.019736547023057938, 0.04543256014585495, 0.03539338335394859, 0.014883600175380707, 0.01106227096170187, 0.036530666053295135, 0.01177280955016613, 0.02711416408419609, 0.026911795139312744, 0.021975932642817497, 0.05066979303956032, 0.042314283549785614]","[0, 1, 21, 28]",0.5,0.5,0.5,0.9401041666666666,0.6208133971291866,0,0.0,"[(0, 1)]",0.0,0.0,0.0,0.0,0,1838.0,1838.0,1838.0,0.0024808831512928,0.2683560252189636,-0.2658751420676708,0,0.25,,,,,,,,
KAN_tuned_fixed,core_interaction_c025,raw,1,2048,4096,100,0.0,4,"[0, 1, 2, 3, 4, 5, 6, 7, 8, 9, 10, 11, 12, 13, 14, 15, 16, 17, 18, 19, 20, 21, 22, 23, 24, 25, 26, 27, 28, 29, 30, 31, 32, 33, 34, 35, 36, 37, 38, 39, 40, 41, 42, 43, 44, 45, 46, 47, 48, 49, 50, 51, 52, 53, 54, 55, 56, 57, 58, 59, 60, 61, 62, 63, 64, 65, 66, 67, 68, 69, 70, 71, 72, 73, 74, 75, 76, 77, 78, 79, 80, 81, 82, 83, 84, 85, 86, 87, 88, 89, 90, 91, 92, 93, 94, 95, 96, 97, 98, 99]",none,"[0.0, 0.0, 0.0, 0.0, 0.0, 0.0, 0.0, 0.0, 0.0, 0.0, 0.0, 0.0, 0.0, 0.0, 0.0, 0.0, 0.0, 0.0, 0.0, 0.0, 0.0, 0.0, 0.0, 0.0, 0.0, 0.0, 0.0, 0.0, 0.0, 0.0, 0.0, 0.0, 0.0, 0.0, 0.0, 0.0, 0.0, 0.0, 0.0, 0.0, 0.0, 0.0, 0.0, 0.0, 0.0, 0.0, 0.0, 0.0, 0.0, 0.0, 0.0, 0.0, 0.0, 0.0, 0.0, 0.0, 0.0, 0.0, 0.0, 0.0, 0.0, 0.0, 0.0, 0.0, 0.0, 0.0, 0.0, 0.0, 0.0, 0.0, 0.0, 0.0, 0.0, 0.0, 0.0, 0.0, 0.0, 0.0, 0.0, 0.0, 0.0, 0.0, 0.0, 0.0, 0.0, 0.0, 0.0, 0.0, 0.0, 0.0, 0.0, 0.0, 0.0, 0.0, 0.0, 0.0, 0.0, 0.0, 0.0, 0.0]","[0, 1, 2, 3]","[(2, 3)]",4,1,sin(2*pi*x0) + x1^2 + 0.25*x2*x3,5,3,8,0.001,50,LBFGS,0,10,100,1,1.0,1,1.0,1,ok,,,0.0062482310459017,0.017091829329729,grad,fd,"[5.20452880859375, 1.301284909248352, 0.04212735593318939, 0.025066273286938667, 0.04093540459871292, 0.019930478185415268, 0.05039840191602707, 0.0364999920129776, 0.03429356962442398, 0.022263983264565468, 0.02315794862806797, 0.033138688653707504, 0.0328899547457695, 0.05781420320272446, 0.04486044496297836, 0.02939489483833313, 0.04847067594528198, 0.032278839498758316, 0.044936634600162506, 0.028808562085032463, 0.013471603393554688, 0.02752949669957161, 0.007833377458155155, 0.04123736917972565, 0.041778549551963806, 0.026672853156924248, 0.03372855484485626, 0.02575058862566948, 0.037967562675476074, 0.06973952054977417, 0.02529647760093212, 0.047739602625370026, 0.03207150846719742, 0.026071928441524506, 0.02571486309170723, 0.019066747277975082, 0.020976297557353973, 0.03060734272003174, 0.03681359067559242, 0.04825432598590851, 0.03350371494889259, 0.03147754818201065, 0.028724506497383118, 0.01753420941531658, 0.04107197746634483, 0.03950931131839752, 0.023483898490667343, 0.05035087466239929, 0.024325769394636154, 0.022538384422659874, 0.040458157658576965, 0.014978112652897835, 0.03132779896259308, 0.012361444532871246, 0.014081574976444244, 0.006997931748628616, 0.050062812864780426, 0.011757707223296165, 0.04615427181124687, 0.0208091139793396, 0.044128406792879105, 0.03425830602645874, 0.01954600214958191, 0.04728300869464874, 0.019644293934106827, 0.042315877974033356, 0.02179960161447525, 0.03187364712357521, 0.039691369980573654, 0.03586670756340027, 0.013144759461283684, 0.028938181698322296, 0.0166037417948246, 0.02808966487646103, 0.03613477945327759, 0.048906125128269196, 0.026593893766403198, 0.015002063475549221, 0.024639014154672623, 0.03599065914750099, 0.020619221031665802, 0.03306914493441582, 0.018535491079092026, 0.014107441529631615, 0.01800314523279667, 0.040341347455978394, 0.04811280593276024, 0.034478217363357544, 0.01731816865503788, 0.018648503348231316, 0.032950304448604584, 0.01652427203953266, 0.03405348211526871, 0.036372050642967224, 0.023194286972284317, 0.03369889780879021, 0.03721104562282562, 0.046681664884090424, 0.0431673564016819, 0.027389265596866608]","[0, 1, 13, 29]",0.5,0.5,0.5,0.7864583333333334,0.5504201680672269,0,0.0,"[(0, 1)]",0.0,0.0,0.0,0.0,0,547.0,547.0,547.0,0.0035762786865234,0.3744584023952484,-0.370882123708725,0,0.25,,,,,,,,
KAN_tuned_fixed,core_interaction_c025,raw,2,2048,4096,100,0.0,4,"[0, 1, 2, 3, 4, 5, 6, 7, 8, 9, 10, 11, 12, 13, 14, 15, 16, 17, 18, 19, 20, 21, 22, 23, 24, 25, 26, 27, 28, 29, 30, 31, 32, 33, 34, 35, 36, 37, 38, 39, 40, 41, 42, 43, 44, 45, 46, 47, 48, 49, 50, 51, 52, 53, 54, 55, 56, 57, 58, 59, 60, 61, 62, 63, 64, 65, 66, 67, 68, 69, 70, 71, 72, 73, 74, 75, 76, 77, 78, 79, 80, 81, 82, 83, 84, 85, 86, 87, 88, 89, 90, 91, 92, 93, 94, 95, 96, 97, 98, 99]",none,"[0.0, 0.0, 0.0, 0.0, 0.0, 0.0, 0.0, 0.0, 0.0, 0.0, 0.0, 0.0, 0.0, 0.0, 0.0, 0.0, 0.0, 0.0, 0.0, 0.0, 0.0, 0.0, 0.0, 0.0, 0.0, 0.0, 0.0, 0.0, 0.0, 0.0, 0.0, 0.0, 0.0, 0.0, 0.0, 0.0, 0.0, 0.0, 0.0, 0.0, 0.0, 0.0, 0.0, 0.0, 0.0, 0.0, 0.0, 0.0, 0.0, 0.0, 0.0, 0.0, 0.0, 0.0, 0.0, 0.0, 0.0, 0.0, 0.0, 0.0, 0.0, 0.0, 0.0, 0.0, 0.0, 0.0, 0.0, 0.0, 0.0, 0.0, 0.0, 0.0, 0.0, 0.0, 0.0, 0.0, 0.0, 0.0, 0.0, 0.0, 0.0, 0.0, 0.0, 0.0, 0.0, 0.0, 0.0, 0.0, 0.0, 0.0, 0.0, 0.0, 0.0, 0.0, 0.0, 0.0, 0.0, 0.0, 0.0, 0.0]","[0, 1, 2, 3]","[(2, 3)]",4,1,sin(2*pi*x0) + x1^2 + 0.25*x2*x3,5,3,8,0.001,50,LBFGS,0,10,100,1,1.0,1,1.0,1,ok,,,0.0002283770154463,0.0002820876252371,grad,fd,"[5.249614715576172, 1.3004580736160278, 0.15036641061306, 0.15028773248195648, 0.0021302765235304832, 0.001236926531419158, 0.002140133175998926, 0.002238771878182888, 0.0009747538715600967, 0.0011684964410960674, 0.0007446001400239766, 0.005374561995267868, 0.0015524012269452214, 0.0012567066587507725, 0.001630328013561666, 0.0022048132959753275, 0.0006870573270134628, 0.003800450125709176, 0.007120602764189243, 0.003540224861353636, 0.001683714333921671, 0.0009817916434258223, 0.0015358026139438152, 0.0012282294919714332, 0.0012606990057975054, 0.0006043419125489891, 0.004143027123063803, 0.0019303462468087673, 0.0024772449396550655, 0.002538201631978154, 0.001652657287195325, 0.0027349870651960373, 0.002906468464061618, 0.0032401448115706444, 0.0014944791328161955, 0.0009776700753718615, 0.0012443141313269734, 0.0012461117003113031, 0.0015223425580188632, 0.0031277076341211796, 0.0025191998574882746, 0.0014388636918738484, 0.0017665012273937464, 0.0007114291656762362, 0.0018383754650130868, 0.0010979989310726523, 0.0011853069299831986, 0.0018452700460329652, 0.0009667517733760178, 0.001597683527506888, 0.0025549312122166157, 0.0009652834269218147, 0.0011811894364655018, 0.0014833470340818167, 0.0015368858585134149, 0.0012497871648520231, 0.0017224072944372892, 0.0012421028222888708, 0.0016713808290660381, 0.0010776466224342585, 0.002160067670047283, 0.002881595864892006, 0.001909227459691465, 0.0016053870785981417, 0.0010646716691553593, 0.002667094813659787, 0.0008199246367439628, 0.0009022430749610066, 0.000348044210113585, 0.0021555034909397364, 0.0012805650476366282, 0.0014306644443422556, 0.0027061733417212963, 0.0013018689351156354, 0.001127647701650858, 0.0021293251775205135, 0.0015153700951486826, 0.0012451405636966228, 0.003159957705065608, 0.0010468850377947092, 0.0019147840794175863, 0.002179335802793503, 0.0027353682089596987, 0.0022492476273328066, 0.002626286121085286, 0.0019740923307836056, 0.0004324647889006883, 0.0020794642623513937, 0.0019489668775349855, 0.0018009424675256014, 0.003090383717790246, 0.0029403134249150753, 0.001462750369682908, 0.0013296774122864008, 0.0026839086785912514, 0.0009410138009116054, 0.0021571784745901823, 0.0034064557403326035, 0.0029604462906718254, 0.002462760778144002]","[0, 1, 2, 3]",1.0,1.0,1.0,1.0,1.0,1,1.0,"[(2, 3)]",1.0,1.0,1.0,1.0,1,1.0,1.0,1.0,0.2792687118053436,0.1217296794056892,0.1575390323996544,1,0.25,,,,,,,,
KAN_tuned_fixed,core_interaction_c025,raw,3,2048,4096,100,0.0,4,"[0, 1, 2, 3, 4, 5, 6, 7, 8, 9, 10, 11, 12, 13, 14, 15, 16, 17, 18, 19, 20, 21, 22, 23, 24, 25, 26, 27, 28, 29, 30, 31, 32, 33, 34, 35, 36, 37, 38, 39, 40, 41, 42, 43, 44, 45, 46, 47, 48, 49, 50, 51, 52, 53, 54, 55, 56, 57, 58, 59, 60, 61, 62, 63, 64, 65, 66, 67, 68, 69, 70, 71, 72, 73, 74, 75, 76, 77, 78, 79, 80, 81, 82, 83, 84, 85, 86, 87, 88, 89, 90, 91, 92, 93, 94, 95, 96, 97, 98, 99]",none,"[0.0, 0.0, 0.0, 0.0, 0.0, 0.0, 0.0, 0.0, 0.0, 0.0, 0.0, 0.0, 0.0, 0.0, 0.0, 0.0, 0.0, 0.0, 0.0, 0.0, 0.0, 0.0, 0.0, 0.0, 0.0, 0.0, 0.0, 0.0, 0.0, 0.0, 0.0, 0.0, 0.0, 0.0, 0.0, 0.0, 0.0, 0.0, 0.0, 0.0, 0.0, 0.0, 0.0, 0.0, 0.0, 0.0, 0.0, 0.0, 0.0, 0.0, 0.0, 0.0, 0.0, 0.0, 0.0, 0.0, 0.0, 0.0, 0.0, 0.0, 0.0, 0.0, 0.0, 0.0, 0.0, 0.0, 0.0, 0.0, 0.0, 0.0, 0.0, 0.0, 0.0, 0.0, 0.0, 0.0, 0.0, 0.0, 0.0, 0.0, 0.0, 0.0, 0.0, 0.0, 0.0, 0.0, 0.0, 0.0, 0.0, 0.0, 0.0, 0.0, 0.0, 0.0, 0.0, 0.0, 0.0, 0.0, 0.0, 0.0]","[0, 1, 2, 3]","[(2, 3)]",4,1,sin(2*pi*x0) + x1^2 + 0.25*x2*x3,5,3,8,0.001,50,LBFGS,0,10,100,1,1.0,1,1.0,1,ok,,,0.0001867915416369,0.0001940726942848,grad,fd,"[5.411332607269287, 1.2176687717437744, 0.15670859813690186, 0.15592548251152039, 0.0003540804609656334, 0.00027812333428300917, 0.0008660928579047322, 5.333786248229444e-05, 0.00032925931736826897, 0.000336317578330636, 0.0001287127670366317, 0.00020520338148344308, 0.00013162594405002892, 0.0008227428770624101, 0.0003437723789829761, 0.0007351839449256659, 0.00014686443319078535, 0.00043622477096505463, 0.00021824415307492018, 0.0003264048136770725, 0.0003960537724196911, 0.00019860954489558935, 0.0003361527342349291, 0.0012857957044616342, 0.000353899784386158, 0.0004138346412219107, 0.00018645625095814466, 0.00011253855336690322, 0.0001677803957136348, 0.0001636465749470517, 0.00029141484992578626, 0.002682301215827465, 0.000766514684073627, 0.000636650831438601, 0.0006980841280892491, 0.0005767480470240116, 0.00029799749609082937, 0.00020111374033149332, 0.00046329255565069616, 0.00011402981181163341, 0.0007291481597349048, 0.00016137928469106555, 0.0014145532622933388, 0.00029299157904461026, 0.0003194128512404859, 0.0001476348115829751, 0.00010972695599775761, 0.00041665678145363927, 0.0005240642931312323, 0.002661096164956689, 0.0005912621272727847, 0.000310051953420043, 0.0005053571658208966, 0.0005299898912198842, 0.0003116724838037044, 0.0006354159559123218, 0.00013939529890194535, 0.0002228602097602561, 0.00039221151382662356, 0.00027052051154896617, 0.0003789093461818993, 0.0003540559846442193, 0.0003557851887308061, 0.00017146358732134104, 8.777173206908628e-05, 0.00031275462242774665, 0.0002908812020905316, 0.0002348748384974897, 0.00020964458235539496, 0.0003724671551026404, 0.000605280976742506, 7.877401367295533e-05, 0.00022770858777221292, 0.00037347761099226773, 0.002172903623431921, 0.00032654250389896333, 0.0007602571859024465, 0.0003878618881572038, 0.00037845486076548696, 0.00021609777468256652, 0.0002385810948908329, 0.000904868240468204, 0.0002657127333804965, 0.00017786934040486813, 0.0001434753939975053, 0.0003864344907924533, 0.00035752501571550965, 0.0002839217195287347, 7.582231773994863e-05, 0.0003897038986906409, 0.0003968602977693081, 0.00015468671335838735, 0.00020613722153939307, 0.0014522835845127702, 0.00018066083430312574, 0.0006984875071793795, 0.00043614255264401436, 0.0004649590118788183, 0.0005938300164416432, 0.00012702643289230764]","[0, 1, 2, 3]",1.0,1.0,1.0,1.0,1.0,1,1.0,"[(2, 3)]",1.0,1.0,1.0,1.0,1,1.0,1.0,1.0,0.2833541631698608,0.1569517254829406,0.1264024376869201,1,0.25,,,,,,,,
KAN_tuned_fixed,core_interaction_c025,raw,4,2048,4096,100,0.0,4,"[0, 1, 2, 3, 4, 5, 6, 7, 8, 9, 10, 11, 12, 13, 14, 15, 16, 17, 18, 19, 20, 21, 22, 23, 24, 25, 26, 27, 28, 29, 30, 31, 32, 33, 34, 35, 36, 37, 38, 39, 40, 41, 42, 43, 44, 45, 46, 47, 48, 49, 50, 51, 52, 53, 54, 55, 56, 57, 58, 59, 60, 61, 62, 63, 64, 65, 66, 67, 68, 69, 70, 71, 72, 73, 74, 75, 76, 77, 78, 79, 80, 81, 82, 83, 84, 85, 86, 87, 88, 89, 90, 91, 92, 93, 94, 95, 96, 97, 98, 99]",none,"[0.0, 0.0, 0.0, 0.0, 0.0, 0.0, 0.0, 0.0, 0.0, 0.0, 0.0, 0.0, 0.0, 0.0, 0.0, 0.0, 0.0, 0.0, 0.0, 0.0, 0.0, 0.0, 0.0, 0.0, 0.0, 0.0, 0.0, 0.0, 0.0, 0.0, 0.0, 0.0, 0.0, 0.0, 0.0, 0.0, 0.0, 0.0, 0.0, 0.0, 0.0, 0.0, 0.0, 0.0, 0.0, 0.0, 0.0, 0.0, 0.0, 0.0, 0.0, 0.0, 0.0, 0.0, 0.0, 0.0, 0.0, 0.0, 0.0, 0.0, 0.0, 0.0, 0.0, 0.0, 0.0, 0.0, 0.0, 0.0, 0.0, 0.0, 0.0, 0.0, 0.0, 0.0, 0.0, 0.0, 0.0, 0.0, 0.0, 0.0, 0.0, 0.0, 0.0, 0.0, 0.0, 0.0, 0.0, 0.0, 0.0, 0.0, 0.0, 0.0, 0.0, 0.0, 0.0, 0.0, 0.0, 0.0, 0.0, 0.0]","[0, 1, 2, 3]","[(2, 3)]",4,1,sin(2*pi*x0) + x1^2 + 0.25*x2*x3,5,3,8,0.001,50,LBFGS,0,10,100,1,1.0,1,1.0,1,ok,,,0.0065687727183103,0.0194022860378026,grad,fd,"[5.23313045501709, 1.268076777458191, 0.06380020827054977, 0.05070645734667778, 0.04247482866048813, 0.019834209233522415, 0.019597621634602547, 0.053604856133461, 0.04199018329381943, 0.019110728055238724, 0.02932814508676529, 0.027575340121984482, 0.03423650935292244, 0.03270602226257324, 0.034053318202495575, 0.02618083357810974, 0.03179599344730377, 0.013317047618329525, 0.019150596112012863, 0.04515206813812256, 0.04038713872432709, 0.04176389425992966, 0.02566460520029068, 0.022756380960345268, 0.02901269868016243, 0.03879751265048981, 0.035268645733594894, 0.03943870589137077, 0.022912178188562393, 0.014411326497793198, 0.030243057757616043, 0.026874549686908722, 0.05604250729084015, 0.03613799065351486, 0.02373003587126732, 0.02364336885511875, 0.023005668073892593, 0.032136499881744385, 0.0439983531832695, 0.04736485704779625, 0.05386514961719513, 0.03291448950767517, 0.04493138939142227, 0.04431277513504028, 0.026799120008945465, 0.03501856327056885, 0.0439097061753273, 0.04121771454811096, 0.041734471917152405, 0.038901422172784805, 0.051288142800331116, 0.030845526605844498, 0.046147413551807404, 0.02510691061615944, 0.016429485753178596, 0.03232201933860779, 0.03293231874704361, 0.041509587317705154, 0.02532227709889412, 0.03703725337982178, 0.0469205304980278, 0.024185720831155777, 0.03237682580947876, 0.031216640025377274, 0.02533484622836113, 0.028852954506874084, 0.033747389912605286, 0.03539000079035759, 0.03520085662603378, 0.03290322422981262, 0.028549648821353912, 0.020957356318831444, 0.04915858432650566, 0.01873687282204628, 0.014694535173475742, 0.03200960159301758, 0.0193784236907959, 0.01949731819331646, 0.02174520120024681, 0.0494544543325901, 0.04270939901471138, 0.057694315910339355, 0.022436175495386124, 0.026333756744861603, 0.010143335908651352, 0.05377033352851868, 0.05613967403769493, 0.043711379170417786, 0.06591057777404785, 0.06057329848408699, 0.03233540058135986, 0.028480492532253265, 0.02771405503153801, 0.03148995712399483, 0.025594437494874, 0.040007323026657104, 0.0461653396487236, 0.02933035045862198, 0.03778970614075661, 0.05989372730255127]","[0, 1, 2, 88]",0.75,0.75,0.75,0.9713541666666669,0.7589285714285714,0,0.5,"[(0, 1)]",0.0,0.0,0.0,0.0,0,668.0,668.0,668.0,0.0032264506444334,0.571762204170227,-0.5685357535257936,0,0.25,,,,,,,,
KAN_stability_selected,core_interaction_c025,ss_kan_variable,0,2048,4096,100,0.0,6,"[0, 1, 2, 3, 26, 49]",kan_stability,,"[0, 1, 2, 3]","[(2, 3)]",4,1,sin(2*pi*x0) + x1^2 + 0.25*x2*x3,5,3,8,0.001,50,LBFGS,0,10,6,1,1.0,1,1.0,1,ok,,,0.011299621313810349,0.012264488264918327,grad,fd,"[5.310507297515869, 1.314599871635437, 0.03148682788014412, 0.07733440399169922, 0.0, 0.0, 0.0, 0.0, 0.0, 0.0, 0.0, 0.0, 0.0, 0.0, 0.0, 0.0, 0.0, 0.0, 0.0, 0.0, 0.0, 0.0, 0.0, 0.0, 0.0, 0.0, 0.031226811930537224, 0.0, 0.0, 0.0, 0.0, 0.0, 0.0, 0.0, 0.0, 0.0, 0.0, 0.0, 0.0, 0.0, 0.0, 0.0, 0.0, 0.0, 0.0, 0.0, 0.0, 0.0, 0.0, 0.04363752529025078, 0.0, 0.0, 0.0, 0.0, 0.0, 0.0, 0.0, 0.0, 0.0, 0.0, 0.0, 0.0, 0.0, 0.0, 0.0, 0.0, 0.0, 0.0, 0.0, 0.0, 0.0, 0.0, 0.0, 0.0, 0.0, 0.0, 0.0, 0.0, 0.0, 0.0, 0.0, 0.0, 0.0, 0.0, 0.0, 0.0, 0.0, 0.0, 0.0, 0.0, 0.0, 0.0, 0.0, 0.0, 0.0, 0.0, 0.0, 0.0, 0.0, 0.0]","[0, 1, 3, 49]",0.75,0.75,0.75,0.9973958333333333,0.95,0,0.5,"[(0, 3)]",0.0,0.0,0.0,0.5,0,12.0,12.0,12.0,0.0018905848264694214,0.14334334433078766,-0.14145275950431824,0,0.25,"[0, 1, 2, 3, 26, 49]","[1.0, 1.0, 0.6666666666666666, 0.5, 0.0, 0.0, 0.0, 0.0, 0.0, 0.0, 0.0, 0.0, 0.0, 0.16666666666666666, 0.0, 0.0, 0.0, 0.0, 0.0, 0.0, 0.0, 0.0, 0.0, 0.0, 0.0, 0.0, 0.16666666666666666, 0.0, 0.0, 0.16666666666666666, 0.0, 0.0, 0.0, 0.0, 0.0, 0.0, 0.0, 0.0, 0.0, 0.0, 0.0, 0.0, 0.0, 0.0, 0.0, 0.0, 0.0, 0.0, 0.0, 0.16666666666666666, 0.0, 0.0, 0.0, 0.0, 0.0, 0.0, 0.0, 0.0, 0.0, 0.0, 0.0, 0.0, 0.0, 0.0, 0.0, 0.0, 0.0, 0.0, 0.0, 0.0, 0.0, 0.0, 0.0, 0.0, 0.0, 0.0, 0.0, 0.0, 0.0, 0.0, 0.0, 0.0, 0.0, 0.0, 0.0, 0.0, 0.0, 0.0, 0.16666666666666666, 0.0, 0.0, 0.0, 0.0, 0.0, 0.0, 0.0, 0.0, 0.0, 0.0, 0.0]","[1.0, 0.24618461754055876, 0.018724868042927053, 0.017177372704265014, 0.003902133904067745, 0.0024964482763789246, 0.003328795948353691, 0.0032521772904650146, 0.0031750530594887813, 0.0021419531479542277, 0.0023226988895218353, 0.003499717539708643, 0.0037622485171297884, 0.003906310228939423, 0.0030989409484012236, 0.003025873070423898, 0.0032812441260137958, 0.0018773752934020975, 0.0032668405980195853, 0.0028763098501054327, 0.0026848098445802064, 0.002592216865220133, 0.0025892785488144322, 0.0027850693615297725, 0.003362959151868824, 0.0032619601494034574, 0.004150673218381942, 0.003623150158738131, 0.002704068817518599, 0.003651150583856877, 0.002816021374379871, 0.0030852142676318986, 0.00377536520698753, 0.002829954516250156, 0.0024927291237553557, 0.002181174334870387, 0.002055104316487546, 0.002807625189532564, 0.0037628902823902514, 0.004284729865539057, 0.004064290408861954, 0.002551052858527398, 0.003046373879760594, 0.002846805558903953, 0.0033315036699523917, 0.004024726947488655, 0.003028124172605569, 0.0034555837281033098, 0.002656404945456759, 0.004062327806994607, 0.003650863237124411, 0.0024367153586322154, 0.0033895566918407407, 0.0022863993347559753, 0.0017721076101136785, 0.0016023597094690393, 0.004395646693133674, 0.002723571020813897, 0.00338833717212784, 0.0026714621757384593, 0.004700150041367868, 0.003200036005500558, 0.002619245638124969, 0.003654724973103486, 0.0019340689900138217, 0.0028916435601113997, 0.002774637185850238, 0.0034908018560248027, 0.003214978352365378, 0.0025186864237050936, 0.001862414798786476, 0.0026386710710557706, 0.0027483456634979906, 0.002014734447200447, 0.003301517638068973, 0.003690035029602672, 0.0022577666803224217, 0.0016413767689161484, 0.0032809959351080067, 0.0033779535938952767, 0.002646128335886984, 0.0038031110043875893, 0.001936489258551501, 0.002497241257094277, 0.0013098575785085286, 0.00410607289159828, 0.0037410290784212264, 0.0035147661153136535, 0.0030121166935084503, 0.003070735265050183, 0.0031282890577000004, 0.0028634830765547695, 0.002697301775552734, 0.0027148974633163596, 0.0023093560366666236, 0.002926711505639301, 0.0035387144752641636, 0.0032605751268496032, 0.0037061084218722624, 0.0036529411231589117]","[0, 1, 2, 3, 26, 49]","{'(0, 1)': 0.6666666666666666, '(2, 3)': 0.3333333333333333}","['(0, 1)', '(2, 3)']",6.0,"[1, 2, 3, 4, 5, 6]"
KAN_stability_selected,core_interaction_c025,ss_kan_variable,1,2048,4096,100,0.0,6,"[0, 1, 2, 3, 26, 49]",kan_stability,,"[0, 1, 2, 3]","[(2, 3)]",4,1,sin(2*pi*x0) + x1^2 + 0.25*x2*x3,5,3,8,0.001,50,LBFGS,0,10,6,1,1.0,1,1.0,1,ok,,,0.00020442437380552292,0.0002116355753969401,grad,fd,"[5.221881866455078, 1.3152744770050049, 0.15170787274837494, 0.1385611593723297, 0.0, 0.0, 0.0, 0.0, 0.0, 0.0, 0.0, 0.0, 0.0, 0.0, 0.0, 0.0, 0.0, 0.0, 0.0, 0.0, 0.0, 0.0, 0.0, 0.0, 0.0, 0.0, 0.0018976277206093073, 0.0, 0.0, 0.0, 0.0, 0.0, 0.0, 0.0, 0.0, 0.0, 0.0, 0.0, 0.0, 0.0, 0.0, 0.0, 0.0, 0.0, 0.0, 0.0, 0.0, 0.0, 0.0, 0.001798570854589343, 0.0, 0.0, 0.0, 0.0, 0.0, 0.0, 0.0, 0.0, 0.0, 0.0, 0.0, 0.0, 0.0, 0.0, 0.0, 0.0, 0.0, 0.0, 0.0, 0.0, 0.0, 0.0, 0.0, 0.0, 0.0, 0.0, 0.0, 0.0, 0.0, 0.0, 0.0, 0.0, 0.0, 0.0, 0.0, 0.0, 0.0, 0.0, 0.0, 0.0, 0.0, 0.0, 0.0, 0.0, 0.0, 0.0, 0.0, 0.0, 0.0, 0.0]","[0, 1, 2, 3]",1.0,1.0,1.0,1.0,1.0,1,1.0,"[(2, 3)]",1.0,1.0,1.0,1.0,1,1.0,1.0,1.0,0.288053423166275,0.20609703660011292,0.08195638656616211,1,0.25,"[0, 1, 2, 3, 26, 49]","[1.0, 1.0, 0.6666666666666666, 0.5, 0.0, 0.0, 0.0, 0.0, 0.0, 0.0, 0.0, 0.0, 0.0, 0.0, 0.0, 0.0, 0.0, 0.0, 0.0, 0.0, 0.0, 0.16666666666666666, 0.0, 0.0, 0.0, 0.0, 0.16666666666666666, 0.0, 0.16666666666666666, 0.0, 0.0, 0.0, 0.0, 0.0, 0.0, 0.0, 0.0, 0.0, 0.0, 0.0, 0.0, 0.0, 0.0, 0.0, 0.0, 0.0, 0.0, 0.0, 0.0, 0.16666666666666666, 0.0, 0.0, 0.0, 0.0, 0.0, 0.0, 0.0, 0.0, 0.0, 0.0, 0.0, 0.0, 0.0, 0.0, 0.0, 0.0, 0.0, 0.0, 0.0, 0.0, 0.0, 0.0, 0.0, 0.0, 0.0, 0.0, 0.0, 0.0, 0.0, 0.0, 0.0, 0.0, 0.0, 0.0, 0.0, 0.0, 0.0, 0.0, 0.16666666666666666, 0.0, 0.0, 0.0, 0.0, 0.0, 0.0, 0.0, 0.0, 0.0, 0.0, 0.0]","[1.0, 0.24653167905581452, 0.018661028641644827, 0.017794979710483095, 0.002994863928148411, 0.0019363296427106168, 0.0024825545850726783, 0.0022230187392955673, 0.002808455158901786, 0.0022468256848297992, 0.0025410673975573652, 0.003766043084909583, 0.003414466277131354, 0.00330630842635314, 0.0023229531175991617, 0.0032878958163690864, 0.002302584858940935, 0.002143897187308349, 0.0028597805927070264, 0.002539124081615549, 0.003152405256067235, 0.004036058433298716, 0.00361686065559794, 0.0018778150221029, 0.00292724504667345, 0.0035507352971842986, 0.004071507663437362, 0.0037550868378484702, 0.0035479479951125246, 0.002059939928684003, 0.0033607681885520955, 0.0027295451121465107, 0.003706899694010206, 0.002414805915743328, 0.0027075767146396736, 0.0022619907006773757, 0.0015709233934249193, 0.002228323263252382, 0.0036916299686373926, 0.00301662182377683, 0.0036376919479975595, 0.0024482426862758202, 0.003207612905337314, 0.003011904759352592, 0.002667027191779492, 0.003365601041665394, 0.003429934716199491, 0.0027529608652614944, 0.0030861259924267813, 0.00497640383916548, 0.0027441305302845936, 0.0021560284454990868, 0.002794331543771903, 0.003077940526929926, 0.0020703767173140667, 0.00170030385162097, 0.0038806030654554013, 0.0028812556387375816, 0.0028400373896376673, 0.0023839015801994487, 0.004434591414492008, 0.003131592512536896, 0.0033226765212316044, 0.0030663091742012343, 0.001829951046050383, 0.002977586461914762, 0.003564495806825547, 0.003391869071934903, 0.002405104536443017, 0.001747034462761206, 0.0017377890768643983, 0.0024617313893241974, 0.003331371281835492, 0.002200591236750487, 0.0028135317203208513, 0.002979320006601005, 0.001832111593598556, 0.0024586233827952435, 0.003273954188448077, 0.003894874973863752, 0.003326189239985833, 0.0032177680917017865, 0.0020342719775946053, 0.0027790462577572694, 0.001754568899132512, 0.00340013605911278, 0.003015797368405388, 0.0035942330152486743, 0.003095112085796282, 0.0039412290871455105, 0.00321647877926836, 0.002815129067236769, 0.0019641563632924373, 0.002730250764470945, 0.0019469125761614238, 0.002723471593060012, 0.0032164662217846374, 0.0024755942956980626, 0.00396061228278122, 0.00414279130932003]","[0, 1, 2, 3, 49, 26]","{'(0, 1)': 0.6666666666666666, '(2, 3)': 0.3333333333333333}","['(0, 1)', '(2, 3)']",6.0,"[0, 2, 3, 4, 5, 6]"
KAN_stability_selected,core_interaction_c025,ss_kan_variable,2,2048,4096,100,0.0,6,"[0, 1, 2, 3, 13, 49]",kan_stability,,"[0, 1, 2, 3]","[(2, 3)]",4,1,sin(2*pi*x0) + x1^2 + 0.25*x2*x3,5,3,8,0.001,50,LBFGS,0,10,6,1,1.0,1,1.0,1,ok,,,0.00018307173741050065,0.00019872363191097975,grad,fd,"[5.265101909637451, 1.2992267608642578, 0.14531250298023224, 0.15224480628967285, 0.0, 0.0, 0.0, 0.0, 0.0, 0.0, 0.0, 0.0, 0.0, 0.0070601338520646095, 0.0, 0.0, 0.0, 0.0, 0.0, 0.0, 0.0, 0.0, 0.0, 0.0, 0.0, 0.0, 0.0, 0.0, 0.0, 0.0, 0.0, 0.0, 0.0, 0.0, 0.0, 0.0, 0.0, 0.0, 0.0, 0.0, 0.0, 0.0, 0.0, 0.0, 0.0, 0.0, 0.0, 0.0, 0.0, 0.004036567639559507, 0.0, 0.0, 0.0, 0.0, 0.0, 0.0, 0.0, 0.0, 0.0, 0.0, 0.0, 0.0, 0.0, 0.0, 0.0, 0.0, 0.0, 0.0, 0.0, 0.0, 0.0, 0.0, 0.0, 0.0, 0.0, 0.0, 0.0, 0.0, 0.0, 0.0, 0.0, 0.0, 0.0, 0.0, 0.0, 0.0, 0.0, 0.0, 0.0, 0.0, 0.0, 0.0, 0.0, 0.0, 0.0, 0.0, 0.0, 0.0, 0.0, 0.0]","[0, 1, 2, 3]",1.0,1.0,1.0,1.0,1.0,1,1.0,"[(0, 1)]",0.0,0.0,0.0,0.0,0,2.0,2.0,2.0,0.2723792791366577,0.28731709718704224,-0.014937818050384521,0,0.25,"[0, 1, 2, 3, 13, 49]","[1.0, 1.0, 0.5, 0.3333333333333333, 0.0, 0.0, 0.0, 0.0, 0.0, 0.0, 0.0, 0.0, 0.0, 0.16666666666666666, 0.0, 0.0, 0.0, 0.0, 0.0, 0.0, 0.0, 0.16666666666666666, 0.0, 0.0, 0.0, 0.0, 0.16666666666666666, 0.0, 0.16666666666666666, 0.16666666666666666, 0.0, 0.0, 0.0, 0.0, 0.0, 0.0, 0.0, 0.0, 0.0, 0.0, 0.0, 0.0, 0.0, 0.0, 0.0, 0.0, 0.0, 0.0, 0.0, 0.16666666666666666, 0.0, 0.0, 0.0, 0.0, 0.0, 0.0, 0.0, 0.0, 0.0, 0.0, 0.0, 0.0, 0.0, 0.0, 0.0, 0.0, 0.0, 0.0, 0.0, 0.0, 0.0, 0.0, 0.0, 0.0, 0.0, 0.0, 0.0, 0.0, 0.0, 0.0, 0.0, 0.0, 0.0, 0.0, 0.0, 0.0, 0.0, 0.0, 0.16666666666666666, 0.0, 0.0, 0.0, 0.0, 0.0, 0.0, 0.0, 0.0, 0.0, 0.0, 0.0]","[1.0, 0.24691582265199322, 0.01523620228974041, 0.013826297521328376, 0.004238121650314906, 0.0025353007692372124, 0.004028536648084024, 0.0033207949554005874, 0.0038757047465915093, 0.0029226961027007878, 0.0032590236318570803, 0.004656622766829376, 0.004418427998060702, 0.0051178169461956816, 0.003707776492424047, 0.00415922084918293, 0.003832967374955384, 0.0030569170555616687, 0.004072736589655227, 0.0033492756214086403, 0.003530356521944307, 0.004886476023882947, 0.0038189527564520087, 0.003159381189853212, 0.004225110791805336, 0.004385703666294975, 0.005020076076218595, 0.004518422703074375, 0.00468514967295202, 0.004212652195795146, 0.004118378047905854, 0.0041714977665714865, 0.0046416625724765865, 0.0031468482133246017, 0.003483606593863096, 0.0028415332014314534, 0.0022031506595576707, 0.0031689121949687277, 0.004822194134847511, 0.00446258943153166, 0.004630614079965577, 0.0034105789887550124, 0.00407138551953993, 0.003550822911937115, 0.0039239258208149915, 0.0045959635419221476, 0.004144337252187878, 0.004306782365691117, 0.0038344268586185805, 0.005647435526063883, 0.003958623095919519, 0.0026050322523480454, 0.003760053103739064, 0.003426702073836269, 0.0024725229058941236, 0.0018847226688749215, 0.005429100541069098, 0.0032183425775507584, 0.004264990129283003, 0.0030160664814154075, 0.005779154077763086, 0.004137173730933147, 0.0038879909678865153, 0.004529503091085443, 0.0024252263917563053, 0.004248008523014022, 0.004236561732753349, 0.004383926631555413, 0.0036651070063455546, 0.002827174397509334, 0.002118073020698734, 0.003343008875919302, 0.0037771628454259724, 0.0030587853828761384, 0.003934888963658497, 0.00447785744118009, 0.002635627762946475, 0.002899509170631941, 0.003962655519253491, 0.005014181078404071, 0.003925695382124313, 0.004207563944637093, 0.002540997816725065, 0.0031594044620290623, 0.002247710396079631, 0.0046293286487151955, 0.00454280256867344, 0.0046323229048426465, 0.003587822085539821, 0.004481240448882704, 0.004173544678018286, 0.0032509421756496235, 0.0030082244452206493, 0.00385279212382381, 0.002604462618615745, 0.003772748964000525, 0.004339603243320732, 0.0038623501646757046, 0.005248988142631541, 0.0049416998805947255]","[0, 1, 2, 3, 49, 13]","{'(0, 1)': 0.8333333333333334, '(2, 3)': 0.16666666666666666}","['(0, 1)', '(2, 3)']",6.0,"[0, 1, 3, 4, 5, 6]"
KAN_stability_selected,core_interaction_c025,ss_kan_variable,3,2048,4096,100,0.0,6,"[0, 1, 2, 3, 26, 49]",kan_stability,,"[0, 1, 2, 3]","[(2, 3)]",4,1,sin(2*pi*x0) + x1^2 + 0.25*x2*x3,5,3,8,0.001,50,LBFGS,0,10,6,1,1.0,1,1.0,1,ok,,,0.00023724065977148712,0.0002518685651011765,grad,fd,"[5.451674461364746, 1.269951343536377, 0.14951109886169434, 0.15301018953323364, 0.0, 0.0, 0.0, 0.0, 0.0, 0.0, 0.0, 0.0, 0.0, 0.0, 0.0, 0.0, 0.0, 0.0, 0.0, 0.0, 0.0, 0.0, 0.0, 0.0, 0.0, 0.0, 0.0020328834652900696, 0.0, 0.0, 0.0, 0.0, 0.0, 0.0, 0.0, 0.0, 0.0, 0.0, 0.0, 0.0, 0.0, 0.0, 0.0, 0.0, 0.0, 0.0, 0.0, 0.0, 0.0, 0.0, 0.0015628765104338527, 0.0, 0.0, 0.0, 0.0, 0.0, 0.0, 0.0, 0.0, 0.0, 0.0, 0.0, 0.0, 0.0, 0.0, 0.0, 0.0, 0.0, 0.0, 0.0, 0.0, 0.0, 0.0, 0.0, 0.0, 0.0, 0.0, 0.0, 0.0, 0.0, 0.0, 0.0, 0.0, 0.0, 0.0, 0.0, 0.0, 0.0, 0.0, 0.0, 0.0, 0.0, 0.0, 0.0, 0.0, 0.0, 0.0, 0.0, 0.0, 0.0, 0.0]","[0, 1, 2, 3]",1.0,1.0,1.0,1.0,1.0,1,1.0,"[(2, 3)]",1.0,1.0,1.0,1.0,1,1.0,1.0,1.0,0.26712894439697266,0.14366582036018372,0.12346312403678894,1,0.25,"[0, 1, 2, 3, 26, 49]","[1.0, 1.0, 0.5, 0.3333333333333333, 0.0, 0.0, 0.0, 0.0, 0.0, 0.0, 0.0, 0.0, 0.0, 0.16666666666666666, 0.0, 0.0, 0.0, 0.0, 0.0, 0.0, 0.0, 0.16666666666666666, 0.0, 0.0, 0.0, 0.0, 0.16666666666666666, 0.0, 0.16666666666666666, 0.16666666666666666, 0.0, 0.0, 0.0, 0.0, 0.0, 0.0, 0.0, 0.0, 0.0, 0.0, 0.0, 0.0, 0.0, 0.0, 0.0, 0.0, 0.0, 0.0, 0.0, 0.16666666666666666, 0.0, 0.0, 0.0, 0.0, 0.0, 0.0, 0.0, 0.0, 0.0, 0.0, 0.0, 0.0, 0.0, 0.0, 0.0, 0.0, 0.0, 0.0, 0.0, 0.0, 0.0, 0.0, 0.0, 0.0, 0.0, 0.0, 0.0, 0.0, 0.0, 0.0, 0.0, 0.0, 0.0, 0.0, 0.0, 0.0, 0.0, 0.0, 0.16666666666666666, 0.0, 0.0, 0.0, 0.0, 0.0, 0.0, 0.0, 0.0, 0.0, 0.0, 0.0]","[1.0, 0.250699572772742, 0.015183533510468224, 0.013795250457469222, 0.00429484891723922, 0.0025660050836335485, 0.004069807090718695, 0.0033902295119775977, 0.0038965105427493946, 0.0029494355166925883, 0.0032786991697381866, 0.004820936130935326, 0.004463660172442233, 0.005132375204606527, 0.003748948697628774, 0.004206576716660921, 0.003850256959454944, 0.003164139589419712, 0.0042920822375644065, 0.0034516188358875116, 0.0035716134114101503, 0.004911529213354559, 0.0038573586167921074, 0.0031587735212463067, 0.004254235961947808, 0.004392144606793973, 0.005145867629164282, 0.004576241895887796, 0.004758630578795759, 0.004288195696616815, 0.004161871759855991, 0.0041757154262102684, 0.004710329869005452, 0.0032301089368194226, 0.0035095531734736086, 0.0028548090381511557, 0.0022334774026964714, 0.0032022799850862827, 0.00485625680982711, 0.00455837695662534, 0.004688137105237432, 0.0034512901425902422, 0.004083901420463334, 0.0035643856104985356, 0.003972453454506191, 0.004626276121780428, 0.004178589263269089, 0.004352533820710741, 0.003848978693609248, 0.005616198767898774, 0.004021527362379897, 0.0026261289557745443, 0.003781989154516744, 0.003457472456188061, 0.0025117171384317276, 0.0019048308315543468, 0.005479490836853298, 0.0032509133106555115, 0.004305973790052369, 0.00304194808325273, 0.0058360624460265355, 0.004217754909903546, 0.003937647784317074, 0.004575190497540284, 0.00245632464219578, 0.004323051708838556, 0.004253633983453711, 0.004405337329195686, 0.0036696998787859175, 0.0028841362772183735, 0.002140086474850216, 0.003386003923130565, 0.003856066090993066, 0.003088614642367569, 0.0039037654538683123, 0.0045354026614051945, 0.0026603226935219652, 0.0029270943678535864, 0.004051322755939283, 0.0050407622467095944, 0.003979138446720659, 0.004248884741700229, 0.0026196574405099884, 0.003225336091675706, 0.002326671698630214, 0.004680100833496689, 0.004545521003810681, 0.004689597824131139, 0.0036473632967971236, 0.004526414712854025, 0.004259436175219879, 0.0033395280269090714, 0.003048315437153139, 0.003850277506928721, 0.0026841080477400755, 0.0037811115021780827, 0.0043946571267500035, 0.003956179020292368, 0.005324687758610972, 0.0050159761421885675]","[0, 1, 2, 3, 49, 26]","{'(0, 1)': 0.8333333333333334, '(2, 3)': 0.16666666666666666}","['(0, 1)', '(2, 3)']",6.0,"[0, 1, 2, 4, 5, 6]"
KAN_stability_selected,core_interaction_c025,ss_kan_variable,4,2048,4096,100,0.0,6,"[0, 1, 2, 3, 13, 49]",kan_stability,,"[0, 1, 2, 3]","[(2, 3)]",4,1,sin(2*pi*x0) + x1^2 + 0.25*x2*x3,5,3,8,0.001,50,LBFGS,0,10,6,1,1.0,1,1.0,1,ok,,,0.012787348590791225,0.012714294716715813,grad,fd,"[5.143430709838867, 1.2692883014678955, 0.06466561555862427, 0.03454084321856499, 0.0, 0.0, 0.0, 0.0, 0.0, 0.0, 0.0, 0.0, 0.0, 0.024273788556456566, 0.0, 0.0, 0.0, 0.0, 0.0, 0.0, 0.0, 0.0, 0.0, 0.0, 0.0, 0.0, 0.0, 0.0, 0.0, 0.0, 0.0, 0.0, 0.0, 0.0, 0.0, 0.0, 0.0, 0.0, 0.0, 0.0, 0.0, 0.0, 0.0, 0.0, 0.0, 0.0, 0.0, 0.0, 0.0, 0.07247850298881531, 0.0, 0.0, 0.0, 0.0, 0.0, 0.0, 0.0, 0.0, 0.0, 0.0, 0.0, 0.0, 0.0, 0.0, 0.0, 0.0, 0.0, 0.0, 0.0, 0.0, 0.0, 0.0, 0.0, 0.0, 0.0, 0.0, 0.0, 0.0, 0.0, 0.0, 0.0, 0.0, 0.0, 0.0, 0.0, 0.0, 0.0, 0.0, 0.0, 0.0, 0.0, 0.0, 0.0, 0.0, 0.0, 0.0, 0.0, 0.0, 0.0, 0.0]","[0, 1, 2, 49]",0.75,0.75,0.75,0.9947916666666666,0.8875,0,0.5,"[(0, 1)]",0.0,0.0,0.0,0.0,0,13.0,13.0,13.0,0.0015248951967805624,0.6404157280921936,-0.638890832895413,0,0.25,"[0, 1, 2, 3, 13, 49]","[1.0, 1.0, 0.5, 0.5, 0.0, 0.0, 0.0, 0.0, 0.0, 0.0, 0.0, 0.0, 0.0, 0.16666666666666666, 0.0, 0.0, 0.0, 0.0, 0.0, 0.0, 0.0, 0.16666666666666666, 0.0, 0.0, 0.0, 0.0, 0.16666666666666666, 0.0, 0.16666666666666666, 0.16666666666666666, 0.0, 0.0, 0.0, 0.0, 0.0, 0.0, 0.0, 0.0, 0.0, 0.0, 0.0, 0.0, 0.0, 0.0, 0.0, 0.0, 0.0, 0.0, 0.0, 0.16666666666666666, 0.0, 0.0, 0.0, 0.0, 0.0, 0.0, 0.0, 0.0, 0.0, 0.0, 0.0, 0.0, 0.0, 0.0, 0.0, 0.0, 0.0, 0.0, 0.0, 0.0, 0.0, 0.0, 0.0, 0.0, 0.0, 0.0, 0.0, 0.0, 0.0, 0.0, 0.0, 0.0, 0.0, 0.0, 0.0, 0.0, 0.0, 0.0, 0.0, 0.0, 0.0, 0.0, 0.0, 0.0, 0.0, 0.0, 0.0, 0.0, 0.0, 0.0]","[1.0, 0.24781705954172162, 0.017978156940682853, 0.016982768873794775, 0.002953000448548586, 0.001942883957345835, 0.003472330096427372, 0.0016846450880265377, 0.0025693327579275546, 0.0023511484426554517, 0.0023486098969166644, 0.003949026713698678, 0.0033773372307558413, 0.004116081877492719, 0.002674994112173351, 0.003395403226073719, 0.0028421298062101153, 0.002753448882020322, 0.0036888888213487086, 0.00202365226021623, 0.002297547220481808, 0.0035875344094639643, 0.0030503361718026505, 0.002473621859496058, 0.003341128803688693, 0.0031692530556451724, 0.004028361577138696, 0.0033236495990595694, 0.004034082649249412, 0.0038342587036498178, 0.003207655163895408, 0.0034024185658356547, 0.0029490757656887956, 0.0020987814627810575, 0.0027752909330936225, 0.002119569902846397, 0.0015099626023162458, 0.0021849791122953784, 0.003469250255384509, 0.00305339560780229, 0.0029950774187389134, 0.002407987765798722, 0.0026964775969226516, 0.0021621200346474477, 0.003128782982883556, 0.003515539104894716, 0.002783516306274565, 0.0030526497085801296, 0.0025359448065778913, 0.004459212535529471, 0.0024062943091634906, 0.0016532987245791305, 0.0023278341052334127, 0.0026741817730407866, 0.001998064198943055, 0.0008949977841698232, 0.004434943530774952, 0.0019357646777725397, 0.0035115805223333908, 0.001870703905628097, 0.004353390346130206, 0.0034583839313836926, 0.002917456735492305, 0.0035862724486551262, 0.0016521544566979003, 0.0034137648889516967, 0.003187793689872716, 0.0032854575878359586, 0.0025550669896506136, 0.001847694094807113, 0.0012494691293588613, 0.0027209725232073393, 0.002297458711322684, 0.0025033787602075502, 0.003502692960925173, 0.003526006442871054, 0.0020665671039041375, 0.0023180825707705115, 0.0033704298203995086, 0.003472374282142507, 0.0026262619652438965, 0.002439284457674693, 0.001913285693070383, 0.0023921272027896934, 0.0020080419788043257, 0.002979505454299971, 0.0027685755960599316, 0.0033062063808334077, 0.001550554227833863, 0.002609256695801797, 0.0032418295476324497, 0.002437235091061201, 0.0021720169382365433, 0.002892103447539568, 0.0018745312474854833, 0.002528456647663801, 0.002937799380853685, 0.0030363757465763715, 0.004139436978939909, 0.0031123710079553313]","[0, 1, 2, 3, 49, 13]","{'(0, 1)': 0.6666666666666666, '(2, 3)': 0.3333333333333333}","['(0, 1)', '(2, 3)']",6.0,"[0, 1, 2, 3, 5, 6]"
KAN_stability_selected,core_interaction_c025,ss_kan_pair,0,2048,4096,100,0.0,6,"[0, 1, 2, 3, 26, 49]",kan_stability,,"[0, 1, 2, 3]","[(2, 3)]",4,1,sin(2*pi*x0) + x1^2 + 0.25*x2*x3,5,3,8,0.001,50,LBFGS,0,10,6,1,1.0,1,1.0,1,ok,,,0.011306621134281158,0.012297278270125389,grad,fd,"[5.313847541809082, 1.3137078285217285, 0.03196914494037628, 0.07965029031038284, 0.0, 0.0, 0.0, 0.0, 0.0, 0.0, 0.0, 0.0, 0.0, 0.0, 0.0, 0.0, 0.0, 0.0, 0.0, 0.0, 0.0, 0.0, 0.0, 0.0, 0.0, 0.0, 0.031199222430586815, 0.0, 0.0, 0.0, 0.0, 0.0, 0.0, 0.0, 0.0, 0.0, 0.0, 0.0, 0.0, 0.0, 0.0, 0.0, 0.0, 0.0, 0.0, 0.0, 0.0, 0.0, 0.0, 0.045053474605083466, 0.0, 0.0, 0.0, 0.0, 0.0, 0.0, 0.0, 0.0, 0.0, 0.0, 0.0, 0.0, 0.0, 0.0, 0.0, 0.0, 0.0, 0.0, 0.0, 0.0, 0.0, 0.0, 0.0, 0.0, 0.0, 0.0, 0.0, 0.0, 0.0, 0.0, 0.0, 0.0, 0.0, 0.0, 0.0, 0.0, 0.0, 0.0, 0.0, 0.0, 0.0, 0.0, 0.0, 0.0, 0.0, 0.0, 0.0, 0.0, 0.0, 0.0]","[0, 1, 3, 49]",0.75,0.75,0.75,0.9973958333333333,0.95,0,0.5,"[(0, 3)]",0.0,0.0,0.0,0.5,0,14.0,14.0,14.0,0.0018009450286626816,0.14507445693016052,-0.14327351190149784,0,0.25,"[0, 1, 2, 3, 26, 49]","[1.0, 1.0, 0.6666666666666666, 0.5, 0.0, 0.0, 0.0, 0.0, 0.0, 0.0, 0.0, 0.0, 0.0, 0.16666666666666666, 0.0, 0.0, 0.0, 0.0, 0.0, 0.0, 0.0, 0.0, 0.0, 0.0, 0.0, 0.0, 0.16666666666666666, 0.0, 0.0, 0.16666666666666666, 0.0, 0.0, 0.0, 0.0, 0.0, 0.0, 0.0, 0.0, 0.0, 0.0, 0.0, 0.0, 0.0, 0.0, 0.0, 0.0, 0.0, 0.0, 0.0, 0.16666666666666666, 0.0, 0.0, 0.0, 0.0, 0.0, 0.0, 0.0, 0.0, 0.0, 0.0, 0.0, 0.0, 0.0, 0.0, 0.0, 0.0, 0.0, 0.0, 0.0, 0.0, 0.0, 0.0, 0.0, 0.0, 0.0, 0.0, 0.0, 0.0, 0.0, 0.0, 0.0, 0.0, 0.0, 0.0, 0.0, 0.0, 0.0, 0.0, 0.16666666666666666, 0.0, 0.0, 0.0, 0.0, 0.0, 0.0, 0.0, 0.0, 0.0, 0.0, 0.0]","[1.0, 0.24618461754055876, 0.018724868042927053, 0.017177372704265014, 0.003902133904067745, 0.0024964482763789246, 0.003328795948353691, 0.0032521772904650146, 0.0031750530594887813, 0.0021419531479542277, 0.0023226988895218353, 0.003499717539708643, 0.0037622485171297884, 0.003906310228939423, 0.0030989409484012236, 0.003025873070423898, 0.0032812441260137958, 0.0018773752934020975, 0.0032668405980195853, 0.0028763098501054327, 0.0026848098445802064, 0.002592216865220133, 0.0025892785488144322, 0.0027850693615297725, 0.003362959151868824, 0.0032619601494034574, 0.004150673218381942, 0.003623150158738131, 0.002704068817518599, 0.003651150583856877, 0.002816021374379871, 0.0030852142676318986, 0.00377536520698753, 0.002829954516250156, 0.0024927291237553557, 0.002181174334870387, 0.002055104316487546, 0.002807625189532564, 0.0037628902823902514, 0.004284729865539057, 0.004064290408861954, 0.002551052858527398, 0.003046373879760594, 0.002846805558903953, 0.0033315036699523917, 0.004024726947488655, 0.003028124172605569, 0.0034555837281033098, 0.002656404945456759, 0.004062327806994607, 0.003650863237124411, 0.0024367153586322154, 0.0033895566918407407, 0.0022863993347559753, 0.0017721076101136785, 0.0016023597094690393, 0.004395646693133674, 0.002723571020813897, 0.00338833717212784, 0.0026714621757384593, 0.004700150041367868, 0.003200036005500558, 0.002619245638124969, 0.003654724973103486, 0.0019340689900138217, 0.0028916435601113997, 0.002774637185850238, 0.0034908018560248027, 0.003214978352365378, 0.0025186864237050936, 0.001862414798786476, 0.0026386710710557706, 0.0027483456634979906, 0.002014734447200447, 0.003301517638068973, 0.003690035029602672, 0.0022577666803224217, 0.0016413767689161484, 0.0032809959351080067, 0.0033779535938952767, 0.002646128335886984, 0.0038031110043875893, 0.001936489258551501, 0.002497241257094277, 0.0013098575785085286, 0.00410607289159828, 0.0037410290784212264, 0.0035147661153136535, 0.0030121166935084503, 0.003070735265050183, 0.0031282890577000004, 0.0028634830765547695, 0.002697301775552734, 0.0027148974633163596, 0.0023093560366666236, 0.002926711505639301, 0.0035387144752641636, 0.0032605751268496032, 0.0037061084218722624, 0.0036529411231589117]","[0, 1, 2, 3, 26, 49]","{'(0, 1)': 0.6666666666666666, '(2, 3)': 0.3333333333333333}","['(0, 1)', '(2, 3)']",6.0,"[1, 2, 3, 4, 5, 6]"
KAN_stability_selected,core_interaction_c025,ss_kan_pair,1,2048,4096,100,0.0,6,"[0, 1, 2, 3, 26, 49]",kan_stability,,"[0, 1, 2, 3]","[(2, 3)]",4,1,sin(2*pi*x0) + x1^2 + 0.25*x2*x3,5,3,8,0.001,50,LBFGS,0,10,6,1,1.0,1,1.0,1,ok,,,0.00020037904323544353,0.0002096417883876711,grad,fd,"[5.2281951904296875, 1.3157131671905518, 0.1521773338317871, 0.13696829974651337, 0.0, 0.0, 0.0, 0.0, 0.0, 0.0, 0.0, 0.0, 0.0, 0.0, 0.0, 0.0, 0.0, 0.0, 0.0, 0.0, 0.0, 0.0, 0.0, 0.0, 0.0, 0.0, 0.002069447422400117, 0.0, 0.0, 0.0, 0.0, 0.0, 0.0, 0.0, 0.0, 0.0, 0.0, 0.0, 0.0, 0.0, 0.0, 0.0, 0.0, 0.0, 0.0, 0.0, 0.0, 0.0, 0.0, 0.0006732390029355884, 0.0, 0.0, 0.0, 0.0, 0.0, 0.0, 0.0, 0.0, 0.0, 0.0, 0.0, 0.0, 0.0, 0.0, 0.0, 0.0, 0.0, 0.0, 0.0, 0.0, 0.0, 0.0, 0.0, 0.0, 0.0, 0.0, 0.0, 0.0, 0.0, 0.0, 0.0, 0.0, 0.0, 0.0, 0.0, 0.0, 0.0, 0.0, 0.0, 0.0, 0.0, 0.0, 0.0, 0.0, 0.0, 0.0, 0.0, 0.0, 0.0, 0.0]","[0, 1, 2, 3]",1.0,1.0,1.0,1.0,1.0,1,1.0,"[(2, 3)]",1.0,1.0,1.0,1.0,1,1.0,1.0,1.0,0.2896925210952759,0.16505363583564758,0.1246388852596283,1,0.25,"[0, 1, 2, 3, 26, 49]","[1.0, 1.0, 0.6666666666666666, 0.5, 0.0, 0.0, 0.0, 0.0, 0.0, 0.0, 0.0, 0.0, 0.0, 0.0, 0.0, 0.0, 0.0, 0.0, 0.0, 0.0, 0.0, 0.16666666666666666, 0.0, 0.0, 0.0, 0.0, 0.16666666666666666, 0.0, 0.16666666666666666, 0.0, 0.0, 0.0, 0.0, 0.0, 0.0, 0.0, 0.0, 0.0, 0.0, 0.0, 0.0, 0.0, 0.0, 0.0, 0.0, 0.0, 0.0, 0.0, 0.0, 0.16666666666666666, 0.0, 0.0, 0.0, 0.0, 0.0, 0.0, 0.0, 0.0, 0.0, 0.0, 0.0, 0.0, 0.0, 0.0, 0.0, 0.0, 0.0, 0.0, 0.0, 0.0, 0.0, 0.0, 0.0, 0.0, 0.0, 0.0, 0.0, 0.0, 0.0, 0.0, 0.0, 0.0, 0.0, 0.0, 0.0, 0.0, 0.0, 0.0, 0.16666666666666666, 0.0, 0.0, 0.0, 0.0, 0.0, 0.0, 0.0, 0.0, 0.0, 0.0, 0.0]","[1.0, 0.24653167905581452, 0.018661028641644827, 0.017794979710483095, 0.002994863928148411, 0.0019363296427106168, 0.0024825545850726783, 0.0022230187392955673, 0.002808455158901786, 0.0022468256848297992, 0.0025410673975573652, 0.003766043084909583, 0.003414466277131354, 0.00330630842635314, 0.0023229531175991617, 0.0032878958163690864, 0.002302584858940935, 0.002143897187308349, 0.0028597805927070264, 0.002539124081615549, 0.003152405256067235, 0.004036058433298716, 0.00361686065559794, 0.0018778150221029, 0.00292724504667345, 0.0035507352971842986, 0.004071507663437362, 0.0037550868378484702, 0.0035479479951125246, 0.002059939928684003, 0.0033607681885520955, 0.0027295451121465107, 0.003706899694010206, 0.002414805915743328, 0.0027075767146396736, 0.0022619907006773757, 0.0015709233934249193, 0.002228323263252382, 0.0036916299686373926, 0.00301662182377683, 0.0036376919479975595, 0.0024482426862758202, 0.003207612905337314, 0.003011904759352592, 0.002667027191779492, 0.003365601041665394, 0.003429934716199491, 0.0027529608652614944, 0.0030861259924267813, 0.00497640383916548, 0.0027441305302845936, 0.0021560284454990868, 0.002794331543771903, 0.003077940526929926, 0.0020703767173140667, 0.00170030385162097, 0.0038806030654554013, 0.0028812556387375816, 0.0028400373896376673, 0.0023839015801994487, 0.004434591414492008, 0.003131592512536896, 0.0033226765212316044, 0.0030663091742012343, 0.001829951046050383, 0.002977586461914762, 0.003564495806825547, 0.003391869071934903, 0.002405104536443017, 0.001747034462761206, 0.0017377890768643983, 0.0024617313893241974, 0.003331371281835492, 0.002200591236750487, 0.0028135317203208513, 0.002979320006601005, 0.001832111593598556, 0.0024586233827952435, 0.003273954188448077, 0.003894874973863752, 0.003326189239985833, 0.0032177680917017865, 0.0020342719775946053, 0.0027790462577572694, 0.001754568899132512, 0.00340013605911278, 0.003015797368405388, 0.0035942330152486743, 0.003095112085796282, 0.0039412290871455105, 0.00321647877926836, 0.002815129067236769, 0.0019641563632924373, 0.002730250764470945, 0.0019469125761614238, 0.002723471593060012, 0.0032164662217846374, 0.0024755942956980626, 0.00396061228278122, 0.00414279130932003]","[0, 1, 2, 3, 49, 26]","{'(0, 1)': 0.6666666666666666, '(2, 3)': 0.3333333333333333}","['(0, 1)', '(2, 3)']",6.0,"[0, 2, 3, 4, 5, 6]"
KAN_stability_selected,core_interaction_c025,ss_kan_pair,2,2048,4096,100,0.0,6,"[0, 1, 2, 3, 13, 49]",kan_stability,,"[0, 1, 2, 3]","[(2, 3)]",4,1,sin(2*pi*x0) + x1^2 + 0.25*x2*x3,5,3,8,0.001,50,LBFGS,0,10,6,1,1.0,1,1.0,1,ok,,,0.0001868940598797053,0.00020949615282006562,grad,fd,"[5.2479352951049805, 1.295464038848877, 0.14652006328105927, 0.16371627151966095, 0.0, 0.0, 0.0, 0.0, 0.0, 0.0, 0.0, 0.0, 0.0, 0.009927481412887573, 0.0, 0.0, 0.0, 0.0, 0.0, 0.0, 0.0, 0.0, 0.0, 0.0, 0.0, 0.0, 0.0, 0.0, 0.0, 0.0, 0.0, 0.0, 0.0, 0.0, 0.0, 0.0, 0.0, 0.0, 0.0, 0.0, 0.0, 0.0, 0.0, 0.0, 0.0, 0.0, 0.0, 0.0, 0.0, 0.010679885745048523, 0.0, 0.0, 0.0, 0.0, 0.0, 0.0, 0.0, 0.0, 0.0, 0.0, 0.0, 0.0, 0.0, 0.0, 0.0, 0.0, 0.0, 0.0, 0.0, 0.0, 0.0, 0.0, 0.0, 0.0, 0.0, 0.0, 0.0, 0.0, 0.0, 0.0, 0.0, 0.0, 0.0, 0.0, 0.0, 0.0, 0.0, 0.0, 0.0, 0.0, 0.0, 0.0, 0.0, 0.0, 0.0, 0.0, 0.0, 0.0, 0.0, 0.0]","[0, 1, 2, 3]",1.0,1.0,1.0,1.0,1.0,1,1.0,"[(2, 3)]",1.0,1.0,1.0,1.0,1,1.0,1.0,1.0,0.2722803056240082,0.09723734855651855,0.17504295706748962,1,0.25,"[0, 1, 2, 3, 13, 49]","[1.0, 1.0, 0.5, 0.3333333333333333, 0.0, 0.0, 0.0, 0.0, 0.0, 0.0, 0.0, 0.0, 0.0, 0.16666666666666666, 0.0, 0.0, 0.0, 0.0, 0.0, 0.0, 0.0, 0.16666666666666666, 0.0, 0.0, 0.0, 0.0, 0.16666666666666666, 0.0, 0.16666666666666666, 0.16666666666666666, 0.0, 0.0, 0.0, 0.0, 0.0, 0.0, 0.0, 0.0, 0.0, 0.0, 0.0, 0.0, 0.0, 0.0, 0.0, 0.0, 0.0, 0.0, 0.0, 0.16666666666666666, 0.0, 0.0, 0.0, 0.0, 0.0, 0.0, 0.0, 0.0, 0.0, 0.0, 0.0, 0.0, 0.0, 0.0, 0.0, 0.0, 0.0, 0.0, 0.0, 0.0, 0.0, 0.0, 0.0, 0.0, 0.0, 0.0, 0.0, 0.0, 0.0, 0.0, 0.0, 0.0, 0.0, 0.0, 0.0, 0.0, 0.0, 0.0, 0.16666666666666666, 0.0, 0.0, 0.0, 0.0, 0.0, 0.0, 0.0, 0.0, 0.0, 0.0, 0.0]","[1.0, 0.24691582265199322, 0.01523620228974041, 0.013826297521328376, 0.004238121650314906, 0.0025353007692372124, 0.004028536648084024, 0.0033207949554005874, 0.0038757047465915093, 0.0029226961027007878, 0.0032590236318570803, 0.004656622766829376, 0.004418427998060702, 0.0051178169461956816, 0.003707776492424047, 0.00415922084918293, 0.003832967374955384, 0.0030569170555616687, 0.004072736589655227, 0.0033492756214086403, 0.003530356521944307, 0.004886476023882947, 0.0038189527564520087, 0.003159381189853212, 0.004225110791805336, 0.004385703666294975, 0.005020076076218595, 0.004518422703074375, 0.00468514967295202, 0.004212652195795146, 0.004118378047905854, 0.0041714977665714865, 0.0046416625724765865, 0.0031468482133246017, 0.003483606593863096, 0.0028415332014314534, 0.0022031506595576707, 0.0031689121949687277, 0.004822194134847511, 0.00446258943153166, 0.004630614079965577, 0.0034105789887550124, 0.00407138551953993, 0.003550822911937115, 0.0039239258208149915, 0.0045959635419221476, 0.004144337252187878, 0.004306782365691117, 0.0038344268586185805, 0.005647435526063883, 0.003958623095919519, 0.0026050322523480454, 0.003760053103739064, 0.003426702073836269, 0.0024725229058941236, 0.0018847226688749215, 0.005429100541069098, 0.0032183425775507584, 0.004264990129283003, 0.0030160664814154075, 0.005779154077763086, 0.004137173730933147, 0.0038879909678865153, 0.004529503091085443, 0.0024252263917563053, 0.004248008523014022, 0.004236561732753349, 0.004383926631555413, 0.0036651070063455546, 0.002827174397509334, 0.002118073020698734, 0.003343008875919302, 0.0037771628454259724, 0.0030587853828761384, 0.003934888963658497, 0.00447785744118009, 0.002635627762946475, 0.002899509170631941, 0.003962655519253491, 0.005014181078404071, 0.003925695382124313, 0.004207563944637093, 0.002540997816725065, 0.0031594044620290623, 0.002247710396079631, 0.0046293286487151955, 0.00454280256867344, 0.0046323229048426465, 0.003587822085539821, 0.004481240448882704, 0.004173544678018286, 0.0032509421756496235, 0.0030082244452206493, 0.00385279212382381, 0.002604462618615745, 0.003772748964000525, 0.004339603243320732, 0.0038623501646757046, 0.005248988142631541, 0.0049416998805947255]","[0, 1, 2, 3, 49, 13]","{'(0, 1)': 0.8333333333333334, '(2, 3)': 0.16666666666666666}","['(0, 1)', '(2, 3)']",6.0,"[0, 1, 3, 4, 5, 6]"
KAN_stability_selected,core_interaction_c025,ss_kan_pair,3,2048,4096,100,0.0,6,"[0, 1, 2, 3, 26, 49]",kan_stability,,"[0, 1, 2, 3]","[(2, 3)]",4,1,sin(2*pi*x0) + x1^2 + 0.25*x2*x3,5,3,8,0.001,50,LBFGS,0,10,6,1,1.0,1,1.0,1,ok,,,0.00023724065977148712,0.0002518685651011765,grad,fd,"[5.451674461364746, 1.269951343536377, 0.14951109886169434, 0.15301018953323364, 0.0, 0.0, 0.0, 0.0, 0.0, 0.0, 0.0, 0.0, 0.0, 0.0, 0.0, 0.0, 0.0, 0.0, 0.0, 0.0, 0.0, 0.0, 0.0, 0.0, 0.0, 0.0, 0.0020328834652900696, 0.0, 0.0, 0.0, 0.0, 0.0, 0.0, 0.0, 0.0, 0.0, 0.0, 0.0, 0.0, 0.0, 0.0, 0.0, 0.0, 0.0, 0.0, 0.0, 0.0, 0.0, 0.0, 0.0015628765104338527, 0.0, 0.0, 0.0, 0.0, 0.0, 0.0, 0.0, 0.0, 0.0, 0.0, 0.0, 0.0, 0.0, 0.0, 0.0, 0.0, 0.0, 0.0, 0.0, 0.0, 0.0, 0.0, 0.0, 0.0, 0.0, 0.0, 0.0, 0.0, 0.0, 0.0, 0.0, 0.0, 0.0, 0.0, 0.0, 0.0, 0.0, 0.0, 0.0, 0.0, 0.0, 0.0, 0.0, 0.0, 0.0, 0.0, 0.0, 0.0, 0.0, 0.0]","[0, 1, 2, 3]",1.0,1.0,1.0,1.0,1.0,1,1.0,"[(2, 3)]",1.0,1.0,1.0,1.0,1,1.0,1.0,1.0,0.26712894439697266,0.14366582036018372,0.12346312403678894,1,0.25,"[0, 1, 2, 3, 26, 49]","[1.0, 1.0, 0.5, 0.3333333333333333, 0.0, 0.0, 0.0, 0.0, 0.0, 0.0, 0.0, 0.0, 0.0, 0.16666666666666666, 0.0, 0.0, 0.0, 0.0, 0.0, 0.0, 0.0, 0.16666666666666666, 0.0, 0.0, 0.0, 0.0, 0.16666666666666666, 0.0, 0.16666666666666666, 0.16666666666666666, 0.0, 0.0, 0.0, 0.0, 0.0, 0.0, 0.0, 0.0, 0.0, 0.0, 0.0, 0.0, 0.0, 0.0, 0.0, 0.0, 0.0, 0.0, 0.0, 0.16666666666666666, 0.0, 0.0, 0.0, 0.0, 0.0, 0.0, 0.0, 0.0, 0.0, 0.0, 0.0, 0.0, 0.0, 0.0, 0.0, 0.0, 0.0, 0.0, 0.0, 0.0, 0.0, 0.0, 0.0, 0.0, 0.0, 0.0, 0.0, 0.0, 0.0, 0.0, 0.0, 0.0, 0.0, 0.0, 0.0, 0.0, 0.0, 0.0, 0.16666666666666666, 0.0, 0.0, 0.0, 0.0, 0.0, 0.0, 0.0, 0.0, 0.0, 0.0, 0.0]","[1.0, 0.250699572772742, 0.015183533510468224, 0.013795250457469222, 0.00429484891723922, 0.0025660050836335485, 0.004069807090718695, 0.0033902295119775977, 0.0038965105427493946, 0.0029494355166925883, 0.0032786991697381866, 0.004820936130935326, 0.004463660172442233, 0.005132375204606527, 0.003748948697628774, 0.004206576716660921, 0.003850256959454944, 0.003164139589419712, 0.0042920822375644065, 0.0034516188358875116, 0.0035716134114101503, 0.004911529213354559, 0.0038573586167921074, 0.0031587735212463067, 0.004254235961947808, 0.004392144606793973, 0.005145867629164282, 0.004576241895887796, 0.004758630578795759, 0.004288195696616815, 0.004161871759855991, 0.0041757154262102684, 0.004710329869005452, 0.0032301089368194226, 0.0035095531734736086, 0.0028548090381511557, 0.0022334774026964714, 0.0032022799850862827, 0.00485625680982711, 0.00455837695662534, 0.004688137105237432, 0.0034512901425902422, 0.004083901420463334, 0.0035643856104985356, 0.003972453454506191, 0.004626276121780428, 0.004178589263269089, 0.004352533820710741, 0.003848978693609248, 0.005616198767898774, 0.004021527362379897, 0.0026261289557745443, 0.003781989154516744, 0.003457472456188061, 0.0025117171384317276, 0.0019048308315543468, 0.005479490836853298, 0.0032509133106555115, 0.004305973790052369, 0.00304194808325273, 0.0058360624460265355, 0.004217754909903546, 0.003937647784317074, 0.004575190497540284, 0.00245632464219578, 0.004323051708838556, 0.004253633983453711, 0.004405337329195686, 0.0036696998787859175, 0.0028841362772183735, 0.002140086474850216, 0.003386003923130565, 0.003856066090993066, 0.003088614642367569, 0.0039037654538683123, 0.0045354026614051945, 0.0026603226935219652, 0.0029270943678535864, 0.004051322755939283, 0.0050407622467095944, 0.003979138446720659, 0.004248884741700229, 0.0026196574405099884, 0.003225336091675706, 0.002326671698630214, 0.004680100833496689, 0.004545521003810681, 0.004689597824131139, 0.0036473632967971236, 0.004526414712854025, 0.004259436175219879, 0.0033395280269090714, 0.003048315437153139, 0.003850277506928721, 0.0026841080477400755, 0.0037811115021780827, 0.0043946571267500035, 0.003956179020292368, 0.005324687758610972, 0.0050159761421885675]","[0, 1, 2, 3, 49, 26]","{'(0, 1)': 0.8333333333333334, '(2, 3)': 0.16666666666666666}","['(0, 1)', '(2, 3)']",6.0,"[0, 1, 2, 4, 5, 6]"
KAN_stability_selected,core_interaction_c025,ss_kan_pair,4,2048,4096,100,0.0,6,"[0, 1, 2, 3, 13, 49]",kan_stability,,"[0, 1, 2, 3]","[(2, 3)]",4,1,sin(2*pi*x0) + x1^2 + 0.25*x2*x3,5,3,8,0.001,50,LBFGS,0,10,6,1,1.0,1,1.0,1,ok,,,0.012787348590791225,0.012714294716715813,grad,fd,"[5.143430709838867, 1.2692883014678955, 0.06466561555862427, 0.03454084321856499, 0.0, 0.0, 0.0, 0.0, 0.0, 0.0, 0.0, 0.0, 0.0, 0.024273788556456566, 0.0, 0.0, 0.0, 0.0, 0.0, 0.0, 0.0, 0.0, 0.0, 0.0, 0.0, 0.0, 0.0, 0.0, 0.0, 0.0, 0.0, 0.0, 0.0, 0.0, 0.0, 0.0, 0.0, 0.0, 0.0, 0.0, 0.0, 0.0, 0.0, 0.0, 0.0, 0.0, 0.0, 0.0, 0.0, 0.07247850298881531, 0.0, 0.0, 0.0, 0.0, 0.0, 0.0, 0.0, 0.0, 0.0, 0.0, 0.0, 0.0, 0.0, 0.0, 0.0, 0.0, 0.0, 0.0, 0.0, 0.0, 0.0, 0.0, 0.0, 0.0, 0.0, 0.0, 0.0, 0.0, 0.0, 0.0, 0.0, 0.0, 0.0, 0.0, 0.0, 0.0, 0.0, 0.0, 0.0, 0.0, 0.0, 0.0, 0.0, 0.0, 0.0, 0.0, 0.0, 0.0, 0.0, 0.0]","[0, 1, 2, 49]",0.75,0.75,0.75,0.9947916666666666,0.8875,0,0.5,"[(0, 1)]",0.0,0.0,0.0,0.0,0,13.0,13.0,13.0,0.0015248951967805624,0.6404157280921936,-0.638890832895413,0,0.25,"[0, 1, 2, 3, 13, 49]","[1.0, 1.0, 0.5, 0.5, 0.0, 0.0, 0.0, 0.0, 0.0, 0.0, 0.0, 0.0, 0.0, 0.16666666666666666, 0.0, 0.0, 0.0, 0.0, 0.0, 0.0, 0.0, 0.16666666666666666, 0.0, 0.0, 0.0, 0.0, 0.16666666666666666, 0.0, 0.16666666666666666, 0.16666666666666666, 0.0, 0.0, 0.0, 0.0, 0.0, 0.0, 0.0, 0.0, 0.0, 0.0, 0.0, 0.0, 0.0, 0.0, 0.0, 0.0, 0.0, 0.0, 0.0, 0.16666666666666666, 0.0, 0.0, 0.0, 0.0, 0.0, 0.0, 0.0, 0.0, 0.0, 0.0, 0.0, 0.0, 0.0, 0.0, 0.0, 0.0, 0.0, 0.0, 0.0, 0.0, 0.0, 0.0, 0.0, 0.0, 0.0, 0.0, 0.0, 0.0, 0.0, 0.0, 0.0, 0.0, 0.0, 0.0, 0.0, 0.0, 0.0, 0.0, 0.0, 0.0, 0.0, 0.0, 0.0, 0.0, 0.0, 0.0, 0.0, 0.0, 0.0, 0.0]","[1.0, 0.24781705954172162, 0.017978156940682853, 0.016982768873794775, 0.002953000448548586, 0.001942883957345835, 0.003472330096427372, 0.0016846450880265377, 0.0025693327579275546, 0.0023511484426554517, 0.0023486098969166644, 0.003949026713698678, 0.0033773372307558413, 0.004116081877492719, 0.002674994112173351, 0.003395403226073719, 0.0028421298062101153, 0.002753448882020322, 0.0036888888213487086, 0.00202365226021623, 0.002297547220481808, 0.0035875344094639643, 0.0030503361718026505, 0.002473621859496058, 0.003341128803688693, 0.0031692530556451724, 0.004028361577138696, 0.0033236495990595694, 0.004034082649249412, 0.0038342587036498178, 0.003207655163895408, 0.0034024185658356547, 0.0029490757656887956, 0.0020987814627810575, 0.0027752909330936225, 0.002119569902846397, 0.0015099626023162458, 0.0021849791122953784, 0.003469250255384509, 0.00305339560780229, 0.0029950774187389134, 0.002407987765798722, 0.0026964775969226516, 0.0021621200346474477, 0.003128782982883556, 0.003515539104894716, 0.002783516306274565, 0.0030526497085801296, 0.0025359448065778913, 0.004459212535529471, 0.0024062943091634906, 0.0016532987245791305, 0.0023278341052334127, 0.0026741817730407866, 0.001998064198943055, 0.0008949977841698232, 0.004434943530774952, 0.0019357646777725397, 0.0035115805223333908, 0.001870703905628097, 0.004353390346130206, 0.0034583839313836926, 0.002917456735492305, 0.0035862724486551262, 0.0016521544566979003, 0.0034137648889516967, 0.003187793689872716, 0.0032854575878359586, 0.0025550669896506136, 0.001847694094807113, 0.0012494691293588613, 0.0027209725232073393, 0.002297458711322684, 0.0025033787602075502, 0.003502692960925173, 0.003526006442871054, 0.0020665671039041375, 0.0023180825707705115, 0.0033704298203995086, 0.003472374282142507, 0.0026262619652438965, 0.002439284457674693, 0.001913285693070383, 0.0023921272027896934, 0.0020080419788043257, 0.002979505454299971, 0.0027685755960599316, 0.0033062063808334077, 0.001550554227833863, 0.002609256695801797, 0.0032418295476324497, 0.002437235091061201, 0.0021720169382365433, 0.002892103447539568, 0.0018745312474854833, 0.002528456647663801, 0.002937799380853685, 0.0030363757465763715, 0.004139436978939909, 0.0031123710079553313]","[0, 1, 2, 3, 49, 13]","{'(0, 1)': 0.6666666666666666, '(2, 3)': 0.3333333333333333}","['(0, 1)', '(2, 3)']",6.0,"[0, 1, 2, 3, 5, 6]"
